179338750,匿名用户,上火喝啥都那样呐，奇奇怪怪味道,20,1.55317E+12
179338750,匿名用户,不好喝 也没有什么答案乱七八糟的 很不值,10,1.55219E+12
179338750,ONE44917,可能是因为团购的原因，样式很新颖，但是口味很一般,20,1.5453E+12
179338750,XZu857447246,店内人比较人。饮料不是那么很好喝。店员很赞。没有问题的话还可以打印图片。这个价格很不错了。,30,1.54176E+12
179338750,joice9330,不推荐，味道一般，价格还不如去都可,20,1.54013E+12
179338750,aimy1990,还行吧，就是杯子太小了。水果还挺多的。,30,1.53508E+12
179718861,xbcaroline,这家店就在公司附近，但是一直没有帮衬过。 同事喜欢喝“一点点”，在我的强烈建议下决定试一下这家。 说实话一般，味道比较淡，但没有“一点点”那么甜，还是比较好入口的；就是奶味和茶味都不出众，没有特色。 老板娘还是挺热情的。,20,1.54392E+12
179718861,莯渼,老板这是什么字呀能跟我说一下吗？,30,1.53743E+12
174876517,QtV114658918,还行吧，喝的过去！！！！！！！,20,1.5376E+12
180559469,OEm389317980,太甜，豆不够弹。我也忘了说甜度。。也是我的问题,30,1.53744E+12
178845029,匿名用户,不好喝    卫生也不好  价格有点贵   不满意,20,1.53906E+12
178845029,COW731572972,味道寡，不正，珍珠不好吃 一点也不好喝,10,1.53806E+12
178845029,随便起一个昵称吧,点的四季春……就是一杯柠檬水，慕名而去的答案感觉还是有些失望,30,1.53561E+12
178845029,WL13834622607,不错、、、、、、加5元闹奶盖的合适,30,1.53575E+12
178845029,随便起一个昵称吧,奶盖还可以，搅开可能更好喝一些，买的白桃乌龙,30,1.5356E+12
178845029,匿名用户,等候的速度慢慢慢！两杯奶茶等30分钟……味道一般,20,1.53535E+12
169037619,蓝浅沫1,服务态度一般般，饮品还不错。。。,30,1.54554E+12
169037619,chwl吃喝玩乐！,超级难喝，果然没点真材实料的东西卖的都是嘘头,20,1.54467E+12
169037619,格格King,不是很好喝，个人口感。不信你试试。,20,1.5396E+12
169037619,小小清纯.,没有想要的答案，噱头而已，瞎印的，我还以为会给每个人写，味道还可以吧,30,1.53861E+12
169037619,kathychen66,味道还不错，只是感觉答案不走心,30,1.53168E+12
175145979,滑铁卢Lt,不太喜欢这种，感觉不太好，而且也不好喝,20,1.53975E+12
175145979,uMl401468568,可能是刚开的原因，服务员比较忙乱，客人很多，制作速度有点慢。,30,1.53174E+12
175145979,动态穿梭,所谓的问题答案，所答非所问，就失去答案的意义了,30,1.53067E+12
175145979,XpB707715068,东西看着不错，就是味道一般。可能是我不习惯吧,20,1.52895E+12
174946274,SVD326827962,还好，就是价位有点高！茶味道不错大众知名度不高。,30,1.55351E+12
174946274,楽檩,就是椰果吃上去有点酸酸的感觉。,30,1.54011E+12
174946274,mj18621819752,其他的一般般吧，蓝色独角兽�️挺好喝的，小朋友喜欢！ #蓝色独角兽#,30,1.53879E+12
174946274,Only_Meet,买了好几次了，还不错吧，反正喜欢喝,30,1.53689E+12
174946274,Wxn827905964,速度还好 就是环境不咋滴 太乱了了,20,1.53459E+12
179184187,eyq421314912,杯子的口都是碎的 我一边喝它一边漏,20,1.53085E+12
177845997,包子怀念,味道一般般，好像是我喝过的最难喝的奶茶,10,1.53114E+12
176023072,azM418821521,动作超慢，做出来的东西超难吃。,20,1.53243E+12
175385092,匿名用户,太甜太甜了，实在是受不了的甜，要了半糖还是甜到奔溃,20,1.53255E+12
174931132,Lsf105676105,珍珠口感不错，奶茶一般，喝了晚上睡不着觉�,20,1.55456E+12
174931132,匿名用户,红柚很清新，奶盖还ok，但个人认为奶盖有待加强,30,1.55378E+12
174931132,Fun的呀,gogo新天地西街那里，在一排食铺的对面，比较好找，感觉西街人越来越多了 茉莉小可爱，上一次喝觉得很好喝，一直念念不忘，然后又来了，可能期待有点大了�� 团购还是比较优惠的，最近感觉评价都不认真了�� 还是值得一试的哈,30,1.54099E+12
174931132,再世为人Y,味道一般般吧，价格偏贵，没有买到想喝的味道 #柠檬益力多#,20,1.54705E+12
174931132,Cco73550042,环境可以，但是奶茶珍珠是酸的，已经变质了。没怎么喝，扔了。,10,1.54201E+12
174931132,兔兔老陈,嗯冲着价格去的。事实上还是芝士更好喝叭。个人口味,30,1.54263E+12
174931132,匿名用户,现在的网红店全靠刷单的，又贵又不好吃。能为持3年吗？,10,1.54247E+12
174931132,匿名用户,好甜黑糖藏藏茶，不好喝！性价比不高,20,1.53883E+12
174931132,H.s451,今天喝到了钢丝球的钢丝还是什么鬼的,10,1.53553E+12
174931132,kuangli11,不建议芝士奶茶，有点腻。芝士水果茶好喝,30,1.53728E+12
174931132,ruZ342646878,不太好喝。。。就这样还网红茶。。。。。。。。。。。,10,1.53689E+12
174931132,loveyy732,还行吧 【口味】还行 【服务】很好,20,1.53371E+12
178075068,wFi178374730,口未一般，不太会欣赏！环境不错加分,20,1.55448E+12
178075068,CM小天使,老板服务好～冲着这一点就不错了，最喜欢他们家的奶盖……,30,1.55169E+12
178075068,土豆芥末a,环境不错喔，夏天去每张都有风扇还有数据线可以充电，服务员小哥哥也超级好的，就是味道一般喔,20,1.54433E+12
178075068,冬天Am,小哥哥很幽默，喝杯奶茶体验一下午,30,1.54326E+12
178075068,七柳先生122,感觉环境不错，奶茶也很好喝，老板人很好,30,1.54186E+12
178075068,CM小天使,老板没有以前热情了，可能是生意不太好……,30,1.54071E+12
178075068,小明’,真心不好喝，答案茶都觉得好一般。,20,1.54038E+12
178075068,UoI235128825,一般吧！个人觉得，可能我不太喜欢喝茶，但茶上的奶好喝,30,1.53455E+12
178075068,沫茶小店,我点的是四季春茶味够，个人觉得偏甜，小哥哥的服务礼貌不错，就是想问问为什么店里的植物为什么不是真的？,30,1.5325E+12
178075068,沫茶小店,甜到爆！说好的少冰半糖-_-||,30,1.53286E+12
164923519,匿名用户,比较偏港味的奶茶 珍珠Q弹有嚼劲 还不错,30,1.55459E+12
164923519,chmf1983,感觉还行吧。。。。。。。。。。。。。。,30,1.55221E+12
164923519,Apw781029435,点了个芭乐益生菌，非常难喝，糖精调出来的，和芭乐完全没关系，也没有益生菌，喝一口就扔了,10,1.54849E+12
164923519,z奥特曼,服务员很有礼貌，点的是水果茶，西瓜很多，味道还不错,30,1.54935E+12
164923519,Mikitigerr,个人觉得一般。。。。。。。。。,20,1.54765E+12
164923519,匿名用户,巨难喝，我从未喝过如此难喝的奶茶，喝完再也没爱了,10,1.5453E+12
164923519,匿名用户,逛街看到的，味道一般般～～～～,30,1.54496E+12
164923519,匿名用户,额，味道一般般，没有特别，口感一般，价钱合理,20,1.53952E+12
164923519,小肥马坏马,我们点的布蕾奶茶，店员说是蛋糕粉+奶油。结果，奶油只是涂在杯子上薄薄一层，蛋糕粉就未可知。然后加了一半的冰块。尽管这是奶茶店的套路，这该有的奶油偷工减料成这样。这是我团购史上的一次差评。无论团购还是现在买，都是低成本，高利润。我只能说呵呵啦。,20,1.53651E+12
164923519,priless,挺好的，布丁口味可以淡一点。。。,30,1.53622E+12
164923519,蜗牛的蜗居,环境好，网速快，小姐姐很热情，奶茶还可以。值得尝试。,30,1.5332E+12
164923519,匿名用户,味道不错，环境不错，总体不错。。。。。,30,1.53364E+12
164923519,samqi40,奶盖变味了，居然说没问题，我也不想解释了,10,1.53345E+12
164923519,AzO226202453,不难找，个人比较喜欢喝果茶，喝起来口感还行，就是差点什么～,30,1.52959E+12
164923519,我不是阿茵,我喝的是寒天爱玉，还不错，就是服务不太到位，明明说飞冰却给了少冰，纸上也写着去冰，还改了少冰再给我..赶时间所以没有追究,30,1.5302E+12
164923519,无言xxxxxx,上古的太慢啦等啦几分钟没表图案，直接改奶盖茶，味道是可以的,30,1.52992E+12
164923519,匿名用户,我比较喜欢喝清淡的茶饮，这家的适合我，小孩子喜欢吃里面的水果,30,1.52933E+12
164923519,匿名用户,挺不错的，因为我喜欢喝清淡的茶，比较适合我的口味。,30,1.52933E+12
164923519,匿名用户,挺不错，比较喜欢这种清淡的茶饮,30,1.52933E+12
164923519,匿名用户,还可以，每次都是招牌妍绿，小朋友喜欢吃里面的水果,30,1.52879E+12
164923519,匿名用户,还可以吧，水果味道比较足，在亚运城商场里面,30,1.52543E+12
164923519,Mayvey,一般般吧，无功无过，不难喝也不好喝,30,1.52484E+12
164923519,dancai5201314,可能我自己口味问题吧，感觉原味奶茶偏甜了点。不喜欢喝偏甜饮料的朋友可注意啦。,20,1.5225E+12
164923519,ice7878,不过不失，团购的还算过得去，不过不失，团购的还算过得去,30,1.52249E+12
164923519,_sina69960409127,点了水果茶，外形跟喜茶相似，可是内容真心不好喝……,20,1.5192E+12
164923519,小馒头5377,服务环境都可以，就是味道不怎么好，可能我点的不喜欢喝，新开的店,20,1.51765E+12
164923519,xhi762810451,还可以，老板挺关注顾客购物体验,30,1.51616E+12
169471658,LiuTing19940215,都是水，冰沙来的，一分钱一分货,20,1.55168E+12
169471658,IpS575332969,一般般，正常奶茶味道。。。。，,30,1.55007E+12
169471658,活力无限92,答案�️点可怜，抖音迅速捧红后却只热闹了1⃣️阵子，就没什么人再坚守了…� 特别是在上下九1⃣️条街几乎都是各种美食，小吃…奶茶有6.7种，而答案却开了3家……还有鹿角巷也1⃣️样傻……� 拼命的开… 其实我个人觉得答案整体还是可以的，性价比蛮高，� 还是值得推荐下的 #清新乌龙奶盖#,30,1.54248E+12
169471658,bCX188803112,10块钱的答案茶，是小杯的很小一杯。但是还可以,20,1.54411E+12
169471658,Jerrygu19,來上下九步行街看到一種能占卜的茶，所幸買來喝喝看，點了杯翠玉茉莉奶蓋，之前在時尚天河店開幕時還滿多人排隊的，店裡的裝修滿簡單的，服務員只有3人，點好單後收銀員拿這筆要我在杯身的套子上寫上要占卜的問卦，拿到飲料後發現原來答案在奶蓋上還會先用貼紙遮著，滿新奇的，喝了幾口發現口感一般般，芝士不夠濃郁，茶也沒茶香，純粹只是占卜的噱頭在吸引人吧⋯⋯,20,1.53457E+12
169471658,OpN660025273,还行，奶茶不会很甜，珍珠也好吃，刚好就在平安戏院附近，喝个奶茶看个电影也是不错的选择。比较有创意，可以提一下疑问，或者困惑自己的问题，打开奶茶就可以看到答案，说不定也有一些启发喔。美团有团购活动挺优惠的,30,1.54017E+12
169471658,慕斯杯里的咖啡,便宜，有点酸，不是很好喝，位置好找,20,1.54297E+12
169471658,路人娘995,还可以呢 等的比较久 奶盖挺正宗 草莓的 嗯 和冰冰棒一样 不喜欢,30,1.53606E+12
169471658,袁大圈,还算不错吧，我特意找的这个店。,30,1.53587E+12
169471658,匿名用户,网红奶茶。只是觉得新鲜好玩。口味真的挺一般 【口味】一般般 【环境】好 【服务】好 【等位】还行,30,1.53007E+12
169471658,HMB538270763,哈哈哈哈哈哈哈哈哈哈哈哈哈哈哈辣鸡答案都不教我抽ssr,30,1.53241E+12
169471658,lili伍少丽,服务态度很好，味道不错，下次继续支持。,30,1.53181E+12
169471658,Bok200196835,选的乌龙 真的是寡淡无味 既没有茶味也没有奶味 大热天的 买杯奶茶居然一点都不治愈 真是心累,20,1.53026E+12
169471658,yz9394,非常一般，都是网红炒出来噶，一般般,20,1.5312E+12
169471658,匿名用户,一般、不好喝、一般般、真不好喝！,20,1.5309E+12
169471658,kang688,去了一次不想去第二次了，味道比不上其他奶茶，还有别相信它会给你答案，我问它我该去哪，它回答明天再来我告诉你，纯属欺骗消费者，我问店员你逗我呢，她笑笑不作答，醉了,10,1.52786E+12
169471658,cheney447,有新意，有心意，不过味道一般。,30,1.52921E+12
169471658,VQM505651344,没有第一次喝的好，第一次有奶盖，这次没有,20,1.52857E+12
169471658,aqK856790855,还不错，小姐姐的服务态度也很好,30,1.52791E+12
169471658,chen648650341,服务周到，甜度适中，还可以接受,30,1.5274E+12
169471658,MwA665923205,不好喝  也没给我写问题和答案 。。,20,1.5263E+12
169471658,XYr699665164,味道还不错，不过少了点浓香味。,30,1.52636E+12
169471658,唐莉1028,老板人不错，对我很热心，给个好评吧。,30,1.52618E+12
179723846,Htr687148957,不太好喝  点了杯椰果奶茶  椰果吃起来酸酸的  价格摆在这里  给个中评吧,20,1.54064E+12
179723846,WjL282055727,这就是所谓的桃香乌龙奶盖，一点茶味都没有，喝白开水那样。,10,1.53857E+12
179723846,_weixin321428410,难喝的要死！重点是服务态度超级差！大家千万不要去了！还比客户凶！,10,1.53858E+12
179723846,VLr102136282,味道真心不好喝，我和朋友的都没喝完,20,1.53892E+12
177508961,bNn813202990,真的是，喝一次拉一次肚子，亲自看到有人从茶里喝到钉子！！,10,1.53675E+12
177508961,匿名用户,想着找间奶茶店安静地坐一下，但是二楼有3个小孩在跑来跑去地吵闹，就是声音分贝很高那种吵，坐了两个小时吵得我头晕，本来想给1星的，还是给3星吧。环境还可以。,30,1.53372E+12
177508961,吴旭洲888,口味一般，玫瑰臻奶霜降，喝不出特别的感觉，还是有待改善吧,20,1.53451E+12
177508961,流泪的不倒翁,口味有点淡，一般般吧，没有想象中那么好喝,30,1.53335E+12
177508961,是不是傻啊。。,还好吧！一下子买了两杯，不过没有料。都是水。一般般，还可以吧！,30,1.53338E+12
177508961,谦虚少女Z,主要还是因为这个价钱勉强接受，环境不错。,20,1.53337E+12
177508961,lemon花花花花,还可以吧！就是不是怎么好喝！环境新开的总体可以,20,1.53235E+12
177508961,oEK217439242,卫生不好，服务员用嘴喝摇匀杯来尝甜度,10,1.53103E+12
169324146,匿名用户,所有的奶茶店只喝答案茶，甜中带咸很�️我心，军旅 Tom KTV因为我大旅途中我垃圾食品看看咯一组图图图看看咯 www痛快淋漓去我饿了旅途中辛辛苦苦兔窝里去哪里托DJ图图啦就是普通兔兔看了剧透我吐了经济收入痛啊老将军坟,30,1.55417E+12
169324146,匿名用户,还行吧，价格实惠，买过很多次了。,30,1.55359E+12
169324146,rPY296637827,还行吧！讨厌喝甜腻的，答案茶算是口感比较清新的，不过貌似涨价了,30,1.55177E+12
169324146,DrC334336035,还可以吧，杯子很精致，但是布丁一般般，不过这个价格的话也是蛮不错的,30,1.53986E+12
169324146,匿名用户,不错，就是口味有点淡，不是很浓。,30,1.53215E+12
169324146,匿名用户,还行吧，几块钱的东西都差不多。,30,1.53698E+12
169324146,dora_A.c,为什么我的答案茶没有答案！挑了个最贵的喝，结果结账时才发现降价成最便宜的了，就是红豆奶茶嘛，什么多福满茶奶，切。,30,1.53052E+12
169324146,jbt1976,珍珠和某波波奶茶的没法比，太硬了，口感不好,30,1.53406E+12
169324146,fhA760097235,不好喝，好了乌龙奶茶，要非冰，店员居然做了常温的，奶茶味道很淡，没什么味道，总之不推荐,10,1.53343E+12
169324146,KyO481854356,没有直接在店里买的好喝，味道也淡，之前在店里买过一次，才再次团购的，但是很失望，不好喝,10,1.53346E+12
169324146,匿名用户,【口味】第一次试这个牌子的奶茶，不咋滴！不大杯，又贵，口味又不是很好！加的奶盖也不多→_→还不如买一点点的奶茶，口感怎么也比这个好！,10,1.53128E+12
169324146,箭頭哥,嗯，挺好喝的，就是美团搞的促销挺便宜的。,30,1.53051E+12
169324146,匿名用户,真的很一般！没有浓郁的口感 珍珠完全没味道,30,1.53329E+12
169324146,匿名用户,还行吧，味道过得去。。。。。。,30,1.53364E+12
169324146,匿名用户,还不错，关键包装上还是有待加强。打包的话不留神就会撒出来,30,1.53286E+12
169324146,匿名用户,emmm 珍珠太硬了 好像不是奶茶吧 是奶 有点太甜了 不想买第二次了 失望�,20,1.53259E+12
169324146,小选LLX,没有奶盖的，没有奶盖，没有奶盖，重要的事情说三遍,30,1.53285E+12
169324146,匿名用户,第二次买，位置地铁口，方便。价格比较实惠，味道还不错,30,1.53241E+12
169324146,Fit146169615,唉～感觉我买的脏脏茶是失败的作品，跟普通奶茶一样，还有一丝酸酸的，前一位明明跟我点的一样，看着明显不同啊。看到她的我觉得很好看，服务员拿给我，瞬间不想喝了。。。。,20,1.53028E+12
169324146,鈴钰,味道不错珍珠不会硬，第一口未搅拌会感觉太甜一点。,30,1.5318E+12
169324146,okO487704516,表面优惠，性价比不高。同样是10元隔壁58°c能买大杯的珍珠奶茶这里就是小杯的珍珠红茶奶,20,1.53115E+12
169324146,Emilykey,不是一般难喝，没有第二次了。。。。。,20,1.53199E+12
169324146,匿名用户,脏脏茶珍珠好硬，还不如一般其他的,20,1.53155E+12
169324146,PTw562774403,一般吧！木有很好，但是也不会难喝～,20,1.53037E+12
169324146,一条闲魚,服务挺好，选了杯不怎么好喝的，给自己一锤，哈哈哈哈哈哈,30,1.53034E+12
169324146,吃吃货l,这个美团的9.9活动***的没有什么四选一 乱给的差评,10,1.52724E+12
175222502,匿名用户,【口味】奥利奥抹茶，挺好喝的，味道刚刚好。 【服务】不知是不是因为是团购的，价格比较便宜，商家态度比较差！,30,1.55178E+12
175222502,匿名用户,【环境】不错 【口味】还是奥利奥抹茶好 #奥利奥抹茶#,30,1.55308E+12
175222502,KwZ844162461,可以，第一次试，新鲜感！不过很大一杯 一杯奶茶，写上自己的问题，当奶茶做好端上，揭开茶盖就有答案——这是3月起答案奶茶借以爆红的“答案+茶”新玩法。说新玩法也不尽然，毕竟茶饮业内创意层出不穷，作为主流消费群的年轻人又容易“喜新厌旧”，至少，原答案奶茶的玩法虽不至于过时，至少也让年轻市场产生了一定的审美疲劳.......,30,1.54097E+12
175222502,二戒SANMA,味道还不如上学期好喝，觉得有点不新鲜的感觉,10,1.53587E+12
175222502,七Chi,冰放太多了，喝起来味道淡了很多。,20,1.53163E+12
175267193,匿名用户,小哥哥还不错哦…服务态度好……,30,1.55387E+12
175267193,匿名用户,还可以吧…网红奶茶………………,30,1.55386E+12
175267193,nananiki,太难喝了，奶茶都是粉末，不推荐奶茶 【口味】 #红柚柳橙奶盖# #青桔柠檬奶盖# #金桔凤梨奶盖# #柠檬红石榴奶盖#,10,1.54138E+12
175267193,匿名用户,一般般，非要十二个字，就一般般，很正常。不太推荐的那种,30,1.54167E+12
175267193,calli向阳,�Answer Tea答案茶� 哈哈哈这是一杯可以占卜的茶… 遇到一些问题不知如何抉择的时候，随意间给的答案可能可以给你一些意见，哈哈挺好的！ 这家店现在越来越多的分店了，特别是体育西路这一带…据我所知在天河南，六运小区这里就有三家！ 团购的是一杯奶茶系列饮品，茉莉小可爱奶茶☕️，只是奶茶，不包含奶盖哦！如果你要奶盖就再➕一元钱�就可以了！奶盖才能占卜，给答案，答案是浮现在奶盖那里的。,30,1.53008E+12
175267193,pUC463449173,不好喝，味道一般，网购区别对待？答案在哪……�,30,1.53934E+12
175267193,nhB926445013,说不加冰，转眼就加了，味道一般,20,1.53882E+12
175267193,匿名用户,听说可以占卜所以一直想试，碰巧看到美团有优惠就买了，这款是奶茶加爆珠，可以另外加奶盖，珍珠等配料，每样1元。得知只有奶盖才可以占卜，就选了奶盖，其实就是写个问题，然后店员用电脑打印出答案而已，而且我用粤语写，估计店员理解不了意思，出来的答案答非所问的。可能其他茶会好喝吧，但这款一般。,20,1.52998E+12
175267193,匿名用户,腻到不行  喝到一半就扔了 不好喝不好喝,20,1.53639E+12
175267193,lvzuoji,一般般吧！都是这样的。。。。。,30,1.53374E+12
175267193,PuloveJuan,答案能积极些吗？问的的问题别人也只想要肯定的答案,10,1.53089E+12
175267193,sBf767598391,一般般，喝到一半就倒了……。。,20,1.53087E+12
175267193,adX725364863,不好喝,20,1.53088E+12
175267193,RGX300767172,西柚乌龙奶盖好难喝,10,1.53045E+12
175267193,崇拜周星弛,奶味新鲜好喝里面有小爆爆珠酸甜的,30,1.52864E+12
181472553,小姨妈麻麻,味道还可以，合胃口。。。。。。。。。。,30,1.55605E+12
181472553,Ady小鱼儿,一般般吧，跟以前吃的答案味道不太一样,20,1.55504E+12
181472553,kQV593233216,虽然便宜，但是真的没味道，6块钱买了杯热水，而且点的是少冰！！！唯一个差评，不是挑剔，是这杯连6块钱都对不起,10,1.55272E+12
181472553,小姨妈麻麻,奶茶味比较淡，不是喜欢喝的那种味吧,30,1.55092E+12
181472553,小南瓜男护士,喝的味道跟喝水差不多，没有什么奶茶的味道。稀释的太淡了,10,1.54816E+12
181472553,PUo146986432,食物中毒。。。。。。。。。。。。。。。。。。。。。。。。 #福满多奶霸茶#,10,1.54799E+12
181472553,疯女子猫果,假的答案茶吧  店铺条件好差  简直脏乱差 而且店铺的价格也跟团购上标得原价不一样,20,1.54167E+12
181472553,匿名用户,真的不好喝，本来是看两个小妹不容易的，不发表评价，但是不发出来小妹都不知道自己煮的珍珠波霸什么样，根本都没熟，一点也不开心，纵横奶茶这么久，第一次喝没煮熟的珍珠波霸，实在伤我心。放图大家可以看下。,10,1.53883E+12
181472553,匿名用户,不那么好喝，全是兑出来的，不是鲜榨的，水果茶图片有误导人嫌疑，而且详情标的价格跟店内实际价格是两回事。,20,1.54031E+12
177779235,mmmbao,服务不错，味道还可以。份量也十足,30,1.55099E+12
177779235,mmmbao,服务很不错，味道还可以。。。。,30,1.55099E+12
177556891,肖健双,环境差，服务差，本来座位就不多，那些没有消费的人也可以坐在那，甚至肆无忌惮的吸烟、服务员都视若无睹 ，不敢再去这种地方消费,10,1.55462E+12
177556891,匿名用户,不好喝，很一般。态度差 服务还不好。,20,1.55408E+12
177556891,嘎啦嘎啦waiting.,想深圳了，不错，第一次喝答案奶茶,30,1.54359E+12
177556891,匿名用户,第一次来这家店，以前是皇茶，同事们点了紫色恋人，颜色鲜艳抢眼，属于视觉系气泡饮，口感酸甜可口，气泡感还算强烈，天气热还可以有提神的作用。我点的是奶茶3兄弟，奶茶香料的味道太重，里面的用料感觉也是廉价品，椰果很硬，布丁不软，只剩服务员亲切的态度是可以加分的了！,20,1.53078E+12
177556891,嘎啦嘎啦waiting.,还不错哟，现在已经回老家了，好想再跑去深圳喝喝,30,1.53942E+12
175358407,gqF719870735,还 【口味】喜欢可以 【环境】太小 【服务】还行,30,1.55255E+12
175358407,DL42330763,店铺门口招牌不明显（建议门口LED灯换个醒目的颜色）以至于找了几圈才发现�店里还有玩弹珠游戏  我那妹子玩的不亦乐乎（今年能脱单吗？可以）来吧，喝杯奶茶有你要的答案,30,1.53432E+12
175358407,晓展锅,味道还可以，位置也不算特别难找，用美团券价格挺便宜的,30,1.53218E+12
175358407,晓展锅,味道不错，等的时间也不长，就是没那个写答案什么的，感觉不是很正宗,30,1.53218E+12
175358407,Sxe933227960,气泡芒果甜到有点腻。,20,1.53078E+12
187161165,Kfs853025798,【口味】因为草莓不是新鲜的  口感一般。,20,1.55456E+12
187161165,GcJ470639989,什么垃圾，我买了两份。要了一杯，竟然给我两份都刷了。本来今天再去刷另外一份，没了，坑吧,10,1.55401E+12
180035130,匿名用户,火了一段时间，不火了！感受了一下答案茶，随便写个想问的问题，后续尝尝茶的味道。特别一般！不好喝！ #白桃乌龙#,10,1.54484E+12
180035130,jnF885212156,喝过最难喝的水果茶 不是新鲜水果 真是分钱分货 那个水不是一股发霉水果味道,10,1.54021E+12
180035130,匿名用户,巨难喝，喝了一口直接扔垃圾桶。,10,1.54011E+12
186313724,loM861939677,服务还好吧接受美团购买，奶茶超大杯。,30,1.54692E+12
186313724,wandoubi,还不错，就是味道一般，茶味不重。,30,1.54243E+12
186313724,AYU805203088,还行吧！比较实惠，味道也还可以，,30,1.53457E+12
187811565,大晶晶jzf,还可以，喜欢哪个玫瑰味道。。。。,30,1.55117E+12
187811565,IOf620165646,不能因为团购就瞎糊弄吧！超级难喝。还不如自己在家泡的,10,1.54865E+12
180547700,春分秋立夏至,还可以╮(￣▽￣)╭，挺不错，蓝莓爆爆珠好喝 #答案布丁奶茶# #答案红豆奶茶#,20,1.54062E+12
179180854,晓蕾子,喝着一般，个人不是很喜欢喝，也没看到占卜在哪里,20,1.54882E+12
179180854,miss佳2013,答案茶不是想象中的答案茶☕︎，体验效果一般,20,1.54044E+12
179180854,VNy130313801,服务态度很好，但是饮料感觉没那么好喝，不知道是不是口味的原因,30,1.53529E+12
182117373,LiuBaby劉,总体不错，奶盖太甜了，后来再去的时候都要薄一层。环境挺好的。 #柠檬草莓奶盖#,30,1.55267E+12
182117373,翡翠娇娃753,茉莉小可爱！可以有橙粒，颗颗爆汁的口感还挺有趣！ #茉莉小可爱茶奶#,30,1.54977E+12
182117373,吉艾娜,服务态度差 问啥 表示却头晕的样子 真让人无语了 你们看着办吧 下次我不会再来,10,1.5447E+12
169444869,NUw938691798,一点都不好喝，答案哪都不挨哪，哎,10,1.54829E+12
169444869,言小乔sjs,美团的没有其他的好喝，茶味儿比较重,20,1.53632E+12
169444869,oLu951822188,挺好的也，服务态度还可以，价格也比较实惠,30,1.53553E+12
169444869,DhQ197869212,真的不太好喝，茶特别淡，奶盖味道也不正宗，不建议买,20,1.5345E+12
169444869,vry244741988,收了椰果的钱没加椰果，两杯答案都没有，挺贵的，而且也不好喝，感觉上当了。,10,1.5282E+12
169444869,一克590,不好喝，点了一杯，翠玉茉莉，苦，很苦，奶盖很少,30,1.52743E+12
177531948,疯子的神经,奶茶味道很淡，像喝一杯白开水加奶茶粉一样，应该是个新店，是一个小姐姐，一个人做的，不得不说说这个小姐姐，不注意，注意看都像是一个初中小妹妹来打暑假工的，真的长的太年轻啦，扯远啦，感觉也没网上说的可以写问题，求回答的服务呀，唉，这味道，不行,20,1.53967E+12
177531948,wla27360232,就是一股热潮，没有多好喝，答案全是看心情写的,20,1.54362E+12
177531948,iXZ322578046,品质太差了，奶不新鲜，喝后肚子疼。,10,1.54063E+12
177531948,匿名用户,以前不常喝奶盖，但是这次的奶盖真的有恶心到我，虽然瓶上有写要我半个小时喝完，但是我没有，也同时庆幸没有，第一次发现奶盖竟然会变这样，以前是喝掉了多少啊，一大坨油啊,20,1.53865E+12
177531948,zfX963097908,味道真的不好喝，而且包装也比较差。,20,1.54212E+12
177531948,素食饕餮,鲁能有两家答案茶，这家在呷哺呷哺附近的一个小亭子，另一家是有座的。去的太晚了没有奶盖卖家给升杯了 还不错 ，不是很甜，很好喝,30,1.53992E+12
177531948,wla27360232,这个茶，一股热潮，但不好喝，����,20,1.53888E+12
177531948,兰兰木宁,服务挺不错的～特别优惠，告诉我们有团购的优惠。 店面也看起来挺干净的，味道也还行。,30,1.53632E+12
177531948,匿名用户,味道真的淡，幸亏用了美团，12一杯，要是单点22不值。不会有答案确实挺有意思的，在鲁能城负一楼，出一个门有冒菜的那里，再往里走就到了。,30,1.53106E+12
181441693,yao19941020,还行吧就是小哥哥很可爱，哈哈  嗯嗯,30,1.55244E+12
181441693,GMn756794133,大冬天冰柠檬不说了 还加冰 呃呃呃呃,20,1.54643E+12
181441693,我好饿呀。！,还好吧 习惯好评 很有创意 我还是挺喜欢的,30,1.54407E+12
181441693,RgH627025183,渣渣的拍照技术    口感蛮好的，不会太甜,30,1.54096E+12
181441693,匿名用户,总体还不错，但买了4杯我们4人都觉得最上边那层奶油太腻。,30,1.5402E+12
181441693,wyxwyh99,我就想不通了 美团就要给小杯吗？？？？？？ 是瞧不起美团吗？？？那就不要在美团上开这个啊,10,1.53775E+12
181441693,HCQ888156734,挺好的，服务员态度挺好，答案很走心�,30,1.53831E+12
181441693,rmC308668544,服务挺好的不过味道一般。店面很小就在海港城里面一点。口味很清淡,20,1.53645E+12
166018687,匿名用户,外卖比较多，态度还可以。奶茶口味一般,30,1.55556E+12
166018687,bGC593953053,老板娘人很好 闺蜜想吃冰块 跟老板娘说了下 后来直接给弄了一杯 奶盖的味道有点淡 不过也还不错,30,1.54652E+12
166018687,兯汉莫拉比的梦,这家的逼格还可以，东西也挺好喝的，就是女朋友说奶盖太甜了,30,1.54367E+12
166018687,尹小猫01,奶茶口味很淡 感觉不如coco好喝。不会再去,20,1.54363E+12
166018687,匿名用户,罢了罢了罢了，建议点茶类的饮品……,20,1.5438E+12
166018687,猜猜elvira,还不错，想问题想了半天，本来想问了个搞笑的，但是怕不好回答...哈哈哈。还挺好玩的,30,1.5416E+12
166018687,FOb403442936,可能是团购的，所以态度稍微差一点，味道还好,20,1.54175E+12
166018687,步步惊心well,一般的奶茶味道，没什么特别之处。,30,1.54073E+12
166018687,苏瑾儿i,和一般的奶茶一样，甜味重一点。,30,1.53754E+12
166018687,狗嘞个汪,同款饮品 味道有变化 不晓得怎么回事,20,1.5357E+12
166018687,jgN170098105,不好喝，就是个不好喝！ 【服务】还不错,20,1.53546E+12
166018687,匿名用户,地段很好  旁边是网红泡面店~小哥哥很帅哦,30,1.53398E+12
166018687,Qpf710888768,奶盖超级少，等得时间长，地方也特别小,20,1.53199E+12
167506667,小小蜡笔丶,短发女娃态度还可以长发的态度非常不好。问短头发的女娃芒果脏脏茶是不是有巧克力她说没有。再问旁边一个奶茶。旁边长一点头发的女娃过来抢话说只是配料不同。我....难道我不知道配料不同吗？没喝过你家奶茶你就不能介绍一下吗？永不着这么怼回去吧？要是忙的话我都不会问 关键我点的时候没有人。买奶茶问口味不是很正常吗？景区餐饮服务就做成这样吗？不要欺负我是外地人a 刚来你们西安喝的第一杯奶茶。你这态度让我对西安人印象大大折扣。这条街有很多游客难道您家是只做一次性生意吗？要不是对面都可喝的太多了想着来西安喝点没喝过的吧还遇上这种事了。这一分是给态度的 奶茶还可以淡淡的甜牛奶里面喝到芒果。希望卖家可以提高一下服务态度。顺便安利一下这条街的美食，阿甘锅盔和候志伟酸辣粉不错这俩个排队的人也是最多的。候志伟热凉皮不咋地，也有可能是我个人口味问题毕竟买的人还是很多的。候志伟爆肚王不好吃啊 而且我就是因为这个爆肚王才去这个奶茶店从而经历的这种人...这种态度根本不会再来第二次。自黑豆夫家的豆浆也很好喝！星巴克对面还有3块钱的圣代味道和外面6块钱的是一样的，没有因为便宜影响质量！,10,1.55295E+12
167506667,zzW792130168,不错，位置好找，性价比高。。。,30,1.55456E+12
167506667,_qqdt61426257647,这次有个小哥，态度很不友好，面无表情，语气还有点冲，都不问写不写问题，就直接走了……感觉很不耐烦！很差的一次体现,10,1.55057E+12
167506667,_qqdt61426257647,百香果奶盖真的很不错！！！偏酸一点……有一款新品叫 酸，但是不怎么酸，还没有百香果奶盖酸！,20,1.55057E+12
167506667,匿名用户,服务员态度挺不好的，他看我们用美团，觉得比在店里买着便宜了，就开始给人冷眼�他在那里一直想让我们不用美团按照他店里的价格走,30,1.54878E+12
167506667,匿名用户,还好吧  就那样  也没有多大惊喜  服务一般,20,1.54628E+12
167506667,小怡3163,饮品是真的不好喝，毕竟是个网红饮品，还有那个答案也很敷衍，就是印上去的，没一点创意。但是小姐姐和小哥哥服务态度很好，店里很干净，可以坐在店里聊聊天之类的，至于饮品喝一两次尝尝就行了，真不好喝。还有墙上写的那些，真的是好逗啊，各种明星，各种小迷妹也是真用心了。,30,1.53569E+12
167506667,fhf831149047,奶盖太腻了…………………………,20,1.54466E+12
167506667,GuK313203421,还不错，团购价格是实际便宜！！！！！！！！,30,1.54247E+12
167506667,小仙女梦瑶呀,挺好的，又新颖，味道也不错，推荐,30,1.5414E+12
167506667,iDi797315640,这个真的是网红奶茶店，但是，这个奶盖茶，自我认识我是会喝茶的人都觉得不太好喝，有点苦。,30,1.54036E+12
167506667,EDt377282344,服务态度垃圾  10.26晚上的那个女服务员,10,1.54057E+12
167506667,青杏儿only,位置：钟楼开元南巷子拐进去100m就是，注意不在开元底下。环境：装修很具有自己的特色。店内可容纳10多个人同时坐。服务态度：刚好逛到钟楼，去网红店打卡图个新鲜，本来其实就不是冲喝的，而是新奇好玩，服务态度真心比较差，给手机验证的时候把手机掉到柜台上，没有道歉没有道歉没有道歉，重要的说三遍，全程板脸，一般习惯性好评，这次确实影响心情了。�口味：还好，上面有点略腻。,30,1.52671E+12
167506667,vLa666659743,不知道是不是正宗的网红答案茶，因为西安开了有很多家，总之形式上跟网红茶是一模一样的，有奶盖的才能印答案。但是可能是为了在奶盖上印字，他们家的奶盖又薄又稀，真的不好喝，想体验网红茶的可以去尝试，像我这种纯粹为了喝的，还是算了吧。,30,1.52998E+12
167506667,XHl624254484,真的一般，不会再去了，真的真的一般,20,1.53736E+12
167506667,巴巴妈妈不鲁布,小盆友去买的，没有什么答案，很奇怪,20,1.53615E+12
167506667,逆颖niying,就是想尝尝味道如何～点的清新乌龙奶盖，上面的奶盖可以换芝士或抹茶两种可供选择，茶味还可以，上面的奶盖太不地道了，一点抹茶味都没有！,30,1.53191E+12
167506667,rvI868924690,服务不好，味道一般吧，不来了！,30,1.53599E+12
167506667,名字真难起lk,一进去 小哥哥会问你写问题吗 写完再点单然后给你票来取就ok. 百香果那个太甜了 红茶又太淡了 总之给个好评吧 店内环境还不错 速度也挺快,30,1.52929E+12
167506667,KfY224688619,好喝还便宜，在钟楼很方便的，下次还会去啦,30,1.53493E+12
167506667,vBH407705018,糖精跟不要钱的一样，甜死个人 服务态度有一般,10,1.53464E+12
167506667,举杯邀你,开元商城东侧文商大厦南侧 听说是被抖音炒�的，开业前美团上线了超低得团购单，所以提前买了等开业来试试！这个奶茶和其他常规不一样，可以占卜，这个也不想去研究！点餐前先把问题写在杯套上，然后等号取餐，答案会提前有封条盖住，慢慢揭开封条立马可以看到出现在奶盖上的答案！茶底一般，而且奶盖品质真不咋样，可能由于其他因素只能如此。有机会来试试不必专门跑来，有优惠更好。,30,1.52433E+12
167506667,ysd13468889992,立减活动囤的一张券，感觉很划算，所以就准备过来探下店。店就在开元后面小吃一条巷子这里，门面不大，不过也还有几张单双人桌椅可供堂食。选的乌龙奶盖，杯是大杯，不过奶盖太少了，这跟在外面喝的奶盖饮品相差大了一些。团购服务也还熟练。茶味也还是有的，说不上有多好喝吧，休息下还是可以品上几口的。希望商家努力吧。,30,1.52586E+12
167506667,匿名用户,我和朋友冲着他家名字去的！但是去了以后店里一个戴眼镜的男生，就好像我们欠钱不给一样掉着张脸！一进门连个招呼都不打直接说道“先写问题”我和朋友一脸懵逼，我礼貌地问道“你好，这是写什么问题”？戴眼镜的服务生吼道“写你想问的问题，没有就不写！”然后我们就默默地走到旁边，自己琢磨！付账的时候，我们是团购，一个手机团了两张！他看见后一会说一个手机只能团一个，一会说最多只能团三张！给账单的时候手一搭“给你的小票”眼睛都不带正眼看我们的，这种态度太恶劣了，从始至终他的脸都没有笑一下，这种态度，作为消费者我们极其不满！,10,1.52749E+12
167506667,匿名用户,网红茶，给的答案来来回回就是那几个，没新意,30,1.53214E+12
167506667,刘晶c,没有想象中的好喝。都是看了抖音买的。哎,30,1.53275E+12
167506667,柒475375237,没有自己想象的那么好，人超多，排队等了好久，味道还行，但是价格并不实惠，喝个新鲜吧,30,1.53146E+12
167506667,白烁林789,可能是因为是网红店吧，口味其实一般，服务态度不好,20,1.53218E+12
167506667,爱是什么没有意义,抖音上很火的答案奶茶，我点的是清新乌龙茶，淡淡的苦，但后味很香。,30,1.52945E+12
167506667,白烁林789,口味一般，服务态度差，环境一般,10,1.53218E+12
167506667,汗宝包十月,不错，很好喝，很好玩儿，下回还会去,30,1.53216E+12
167506667,匿名用户,不知道是不是因为团购的原因，喝的味道比上午在小寨喝的味道淡得非常多。,10,1.5301E+12
167506667,流氓兔sister,人很多。。。。看了评价大家都在说答非所问。。。我想应该肯定是啊。。这种都是机器塑封的～怎么可能给你说你的答案，都是随机的啦！过来人多的桌子都没收拾的……没事，反正就当饮料来喝吧～网红也就炒个噱头…何必当真……,30,1.52474E+12
167506667,yhX871485064,网红饮品，店里人很多，不过饮品味道不怎么样，可能是喝不惯吧,20,1.53171E+12
167506667,lxhhlyc,最难喝的奶茶没有之一。 反正真的挺失望的,10,1.53199E+12
167506667,我叫招财,喝的网友推荐的百香果，味道挺浓。不过老板没问我要占卜什么，回到家才想起来啦啦啦啦,30,1.5308E+12
182659634,VNA157522548,拿铁简直不能够再甜了，都快齁死了，可能刚开业，员工乱乱的,10,1.54254E+12
170601132,瑶宝贝11,因为早上带孩子去那里参加一个早教活动，所以搜到了答案茶，进店店家在忙着收拾准备就绪，所以态度也有点冷，想要呢种带答案的茶饮也没怎么介绍，小孩在捣乱也就没怎么问。,30,1.5548E+12
170601132,梵高和儿童,专门跑来打印答案 结果打印不了 郁闷�,10,1.5522E+12
170601132,匿名用户,味道还不错  环境也还可以  服务也还可以,30,1.55124E+12
170601132,ohG140659348,我不太喜欢这个，觉得不怎么好喝,20,1.54986E+12
170601132,匿名用户,只为了答案  却没有 奶茶我都扔了  9.9比到店便宜,10,1.54771E+12
170601132,匿名用户,包装不严，上面那一层东西弄的袋子上都是，提都没发提,20,1.54608E+12
170601132,mXj343162557,【口味】 【口味】 【环境 【等位】,30,1.54485E+12
170601132,大华锦,太白这家开了一段时间了，团购的时间比较早了，团购的订单三选一，不能加奶盖，加奶盖的话要单独加4块钱，当然不加奶盖就不能写问题了，由于要外带，所以个人没有加奶盖，外带的话摇摇晃晃加了奶盖整杯茶都不好喝了！验证很快，直接扫码就买单了，现在的手机真是强大，出门不需要带�！店内有个扫码打印照片的机器，但是没有接打印机，如果不能正常使用的话建议商家把机器收走，这样摆在那又占地方，又浪费顾客感情，照片嘛毕竟是个人隐私！,30,1.53025E+12
170601132,EJT808391633,主要是服务员热情招待，留下好的印象！,30,1.53852E+12
170601132,liuyangyang,风靡一时的答案茶，没两个月就偃旗息鼓了，印象城的这家开业时间不久，人气却不怎么旺，服务员也是百无聊赖的坐着，有客人来了才会过来点单出品。 出品没有惊喜，茶+奶盖+3D打印，答案和问题风马牛不相及，一杯正常的奶茶就是了！,30,1.52904E+12
170601132,鹿糊糊,味道不错，但答案茶为什么不让我写问题啊，我喝的时候并没有答案，这还能叫答案茶吗,30,1.53095E+12
170601132,匿名用户,久负盛名吧，作为网红产品感觉也就这样啊。。。写了个英文问题，答案完全牛头不对马嘴，也没有很好喝。。。,20,1.53311E+12
170601132,UwV400378088,味道不错，环境优雅，服务态度热情 【口味】,30,1.53466E+12
170601132,VMU182139720,答案很好玩，就是茶太甜了～希望商家小小改良一下,30,1.53326E+12
170601132,害羞的巴扎嘿,就很烦    不是每一个都可以提问题   做之前不说清楚  说一款加了奶盖不好喝 但没说就不可以提问题,30,1.53286E+12
170601132,Rwj315356632,服气了，非常的失望，浮絮装，哪有奶盖是这样的啊，搅开后一会居然又浮上去了。无语，不推荐。,20,1.5287E+12
170601132,tol814465062,喝一个热闹 【口味】 【环境】 【服务】 【等位】,30,1.53335E+12
170601132,DKG935848859,服务态度太差！味道也不好，下次再也不喝了！ 【服务】,10,1.53318E+12
170601132,昕妍7671,感觉与其它的茶类饮品没什么区别，价格略高,20,1.53164E+12
170601132,匿名用户,服务一般，茶非常难喝，上面一层白色不是奶盖，味道一般,20,1.53124E+12
170601132,jing.bai,有点扯，可能是团购吧，区别对待，给的中杯，别家都是大杯，味道也比较淡,20,1.53009E+12
170601132,匿名用户,很一般很一般别被抖音骗了，真不咋样，失败失望。,20,1.53079E+12
170601132,jiyuan12300,难喝 跟风去的 不会再买了  老板也顾不上问你写问题不,20,1.53052E+12
170601132,匿名用户,感觉团购差异化对待了，有点坑！,10,1.52906E+12
170601132,jGJ554009197,茶还可以，奶盖一点也不细腻，里面还有颗粒，差,10,1.52959E+12
170601132,hmn55,这个的话给别人买的  答案的话就很随意写的  无聊玩玩吧,30,1.52864E+12
170601132,Meng你,好难喝！如果你为了答案可以去试一下，为口味还是别了,10,1.52885E+12
170601132,wZj881767055,挺难喝的 这是我哥的奶盖最差的一款,10,1.528E+12
169324894,匿名用户,好久之前买的了，在小寨跟前拍照片跟前有答案就买了一杯，第一次买然后在店里等了一会儿拿到的，墙上特别多的字写的满满的。买茶的时候写了问题其实那个答案就是随机印上去的那种，之前很火的答案我觉得味道一般就是形式有创新比较有意思，个人觉得味道嗯嗯嗯嗯就没有觉得有惊喜的部分…都好久了好像把图片删了已经…大概就是三百毫升那样的杯子大小 #水果茶#,20,1.54667E+12
169324894,温暖是你的姓氏k,奶盖很好喝！位置也比较好找！！,30,1.55109E+12
169324894,Uig396072113,我超级认真的想问题诶，可是答案好草率啊。。。。什么鬼随意印吗，这就很失望了诶。。。。。。。。。。。。。。。。。。。。。。。。。。。。。。。。。。。。。。。。     。。。。。。。。。。。。。。。。。。。。。。,30,1.54412E+12
169324894,崔茂森,一般，不太好喝。非要15好可怕,30,1.54503E+12
169324894,L从前的我们,这么久才来评价，还可以，服务也很好，店里环境也不错,30,1.54341E+12
169324894,QIJIANI_,还不错，味道不太浓，我不太喜欢,30,1.54141E+12
169324894,XpA746584135,强烈建议大家，网红茶都不好喝！！！,30,1.54061E+12
169324894,GEP684309882,位置很好找，服务态度也还不错哦！奶茶么，口感还行,30,1.53656E+12
169324894,CoY694479039,味道一般般啦，和朋友一起去的，很早比较火，一直没喝过答案奶茶,20,1.53863E+12
169324894,eJy426098469,很好喝，环境也很好。就是坐的地方有点小,30,1.5363E+12
169324894,Z伦林,奶盖很少的，味道很普通，创意吧,20,1.53667E+12
169324894,匿名用户,强推茉莉奶盖 味道超赞���,30,1.53288E+12
169324894,cpc8906788255044,小哥操作不熟练啊，奶盖也很薄，等了好久好久好久,20,1.53517E+12
169324894,oPT422415803,茶很一般 主要就是消费个创意 还可以吧,20,1.53492E+12
169324894,匿名用户,味道还不错 虽然奶茶没有什么特别 但是很有情怀啊 来这喝东西 一般都不是为了喝东西 只是觉得比较有新意 讲真的 答案也没有什么新意 都是随机固定的答案 以后是不会去了 不过还是很推荐没去过的去尝个鲜,30,1.52879E+12
169324894,岁月颓废令人沉醉,看抖音来的 味道不太接受的了 倒是回答的挺好 环境也不错,30,1.53392E+12
169324894,匿名用户,如果为了问题来喝就免了，抖音都是骗人的，随机答案根本对不上。喝的那就更难喝了 贼甜,20,1.53302E+12
169324894,二蓉355,还好，就是答案有点敷衍了事，哈哈,30,1.53405E+12
169324894,海绵宝宝的矜持,味道感觉还可以，奶盖上面的答案很奇葩哈哈哈哈,30,1.53292E+12
169324894,itx416235062,好好好好好好好 位置好找 还好喝 团购便宜,20,1.53198E+12
169324894,酒酿桃圆,茶味道很好 就是服务不给力  团了两个奶盖 一个等了半天 还在门外被骗钱 �,20,1.53087E+12
169324894,qJV843382110,奶盖还是很好喝的，但是所谓的“答案”感觉也没有很神奇，就是你在纸上写下你想问的，然后店员看到后选择响应的答案的字弄在奶盖上，一般般吧，不懂网红的点在哪儿。但是还是挺好喝的。,30,1.52865E+12
169324894,花钲淇,奶盖可以再多一点，周末人很多，是正版的答案茶,30,1.52923E+12
169324894,小迈1231,答案打印在奶泡上面，比较有意思，但是味道一般,30,1.52758E+12
169324894,小太阳涵涵410,挺有意思的。就是团购的感觉很小,30,1.5299E+12
169324894,InN519635301,真的是很甜，就买了个情怀吧，挺有意思的概念,20,1.52964E+12
169324894,nVz37623555,金桔柠檬难喝到死,10,1.52802E+12
169324894,DlD454999725,不好喝，,10,1.52776E+12
179376453,wt爱tyz,口味还可以，有机会再去吧！！！,30,1.54576E+12
179376453,wt爱tyz,还不错的，地方也好找！！！！！！！！,30,1.54576E+12
177502620,匿名用户,攪拌機不行就別開店了……這服務態度簡直了……前無古人後無來者……絕對載入史冊,10,1.55576E+12
177502620,cwa439769911,男朋友说难喝～～～～～～～～～～～～～～,10,1.55525E+12
177502620,匿名用户,喝着很一般，珍珠煮过了有点腻。,20,1.55421E+12
177502620,Lyreharp,价格实惠，味道一般，真芒果鲜榨。,30,1.5511E+12
177502620,匿名用户,去的时候没有珍珠了 换了布丁 结果喝完肚子疼���抱着试试看心态 结果���,10,1.54469E+12
177502620,tAq307727160,还好，没有特别惊艳。有玫瑰花香。不是很理解“可以占卜”的意思。总体说还不错,30,1.53106E+12
177502620,uRw360132197,奶盖太稀，答案很快就没了，望改进,30,1.53111E+12
177502620,无关善良in,特别喜欢他们家的环境，是我喜欢的风格,30,1.53113E+12
179581380,qRP764124142,环境还行，口味还不错，还会光临！,30,1.54881E+12
179581380,gyt412184688,没有想象的那么好，就一般般吧2333333,20,1.54743E+12
179581380,ovq758163055,口味一般般吧  不是多好喝  就只是牌子响,20,1.53996E+12
179581380,莎缦,糖水叭没啥味道而且也不能占卜  忙的要死就两个人,20,1.53544E+12
179581380,_qqdw71320984223,口味还不错，毕竟是新店，多多包涵,30,1.53493E+12
169298699,匿名用户,特别差，非常差，都不问就直接做了，都没有占卜的过程了，千万不要喝这家，店主的态度也特别差,10,1.55032E+12
169298699,马桶刷子86,味道很淡没有凤梨 就是糖浆加奶盖 很不值得的团购 还好只买了一杯 不会再买 团的9.9券 成本最多1快钱,10,1.54418E+12
169298699,iBc806949393,服务一般，连占卜都不问了，以前喝过别的地方的，团购的青梅说青梅没有，emmmm，行吧,20,1.54366E+12
169298699,匿名用户,味道真的挺一般的，三个人买了三种口味，都不太满意，所以不会再买了,20,1.53942E+12
169298699,2333蘑古酱,味道比较清爽，好喝就是奶盖味道不好喜欢咸的,30,1.53911E+12
169298699,Vdh858142017,口味一般吧，没什幺特殊的地方，估计下次也不想吃了,20,1.53831E+12
169298699,在路上的小阿呆,感觉还可以……不过冷的比常温的好,30,1.5362E+12
177933252,TSw284793550,青梅太甜，没放糖也甜，更喜欢竹马一些，半糖很不错,30,1.54789E+12
177933252,酒酒spirit,很大的一杯 美团买价格实惠 颜色很好看,30,1.53855E+12
177933252,pPC911687904,口味特点很适合自己的风格与口味都一样。,30,1.53803E+12
177933252,匿名用户,服务态度不好，站那半天了不知道接待客人,10,1.53763E+12
170004010,huang。先森,点的黑糖乌龙奶茶，刚开始喝还好，喝完反胃，反出来的味那叫一个难受，根本就不是奶茶，不知道怎么形容，恶心想吐，严重怀疑是不是过期了还是奶精放多了。,10,1.54675E+12
170004010,夜锁,还行吧   味道一般   网红奶茶  都是炒的,30,1.54566E+12
170004010,Tracy靜,还不错，狠适合来拍照。�灯光调的很好。团购性价比高，服务态度很好喔。,30,1.54098E+12
170004010,匿名用户,还好，额呃呃呃，，就是没有那个盖子，没有盖子的答案是没有灵魂的,30,1.53854E+12
170004010,jyf070614,可以，推荐，写不了那么多字，还可以的。,30,1.53615E+12
170004010,匿名用户,味道还不错，就是不知道是不是加了奶精，香精什么的！,30,1.53318E+12
169091193,匿名用户,写了问题这就是我的答案，没有下次,20,1.53219E+12
169091193,匿名用户,网上果然都是骗人的，东西再好不去推广的好,20,1.53219E+12
169091193,YY119800,味道还可以，冲着网红去的�����������,30,1.5313E+12
169091193,匿名用户,不仅人多，而且味道也不咋地，可能这就是网红的魅力吧,30,1.52778E+12
169091193,弥傲,味道很不错~~~态度很好~~即点即做！,30,1.52576E+12
169091193,炫酷芭比.,为什么没有提问也没有答案 没有灵魂的答案奶茶,10,1.52707E+12
169091193,账户快没钱,目前挺火的，有点噱头，口味说实话，很一般。不会再买,20,1.52533E+12
169091193,匿名用户,跟风一下抖音网红款的奶茶。。。,30,1.52528E+12
169091193,_qqmkc1416552130,两杯没有答案的答案茶，非常不开心,20,1.52501E+12
177633466,Lkd614075673,感觉很一般，据说是网红茶才买，还以为真的可以算一卦,20,1.5533E+12
177633466,tRC696130471,地方比较难找，但总体感觉还不错,30,1.55271E+12
177633466,匿名用户,还可以，就是喝到下面就有点腻。奶油太多了，甜度不均,30,1.55022E+12
177633466,Lmg491854408,味道一般吧，希望可以改进一些了,30,1.547E+12
177633466,匿名用户,不好喝！奶茶味道超级淡，服务态度也不好。,20,1.54609E+12
177633466,名字都满了,味道很差 苍蝇到处飞，男工作人员做饮品自己还留一点自己喝，里面有很多黑的脏东西，芒果的核都在里面,10,1.54114E+12
177633466,irene_chen79,服务就那样，喝得也普通没有特色,30,1.54374E+12
177633466,LkY358053730,最难喝，无法形容，建议别去买，也不干净卫生,10,1.54338E+12
177633466,zalyfy,很一般，不会去第二次了，旁边蜜学的味道都比他家好，不过算清淡的，这点不错,20,1.54252E+12
177633466,KGL339760214,美团三选一四季春奶茶。***难喝死了，白白的白水。假死。再也不喝这个了。喝一口吐出来索性丢垃圾桶了。,10,1.54046E+12
177633466,匿名用户,奶茶味道不错，就是要冰的冰给多了,30,1.54143E+12
177633466,WQV914937834,喝到个钢丝，店员给的答案，第一个是 钢丝在上面啊，然后 说避免不了。现在感觉喉咙里还有个没吐出来。,10,1.53779E+12
177633466,匿名用户,虽然味道不咋地，但是杯子挺好的�,20,1.54009E+12
177633466,ARz797288763,冲着答案来的，结果没有喝到答案，收银小姐姐也没有问我们是不是要点带占卜的，只能下次再来了,20,1.53693E+12
177633466,活宝！419,还可以吧  不是特别好喝   是滴是滴思,20,1.53939E+12
177633466,wFW429515725,服务态度还是不错的，但是味道不好，一开始喝就是觉得甜和涩，之后在喝就觉得酸。味道没有coco的好也没有香飘飘优乐美好，奇怪的味道。,20,1.53717E+12
177633466,小雨点！_,东西ok 服务很冷漠   可能只花了5块钱只能得到这个服务吧,20,1.53761E+12
177633466,kfg242413557,去的时候爆爆珠卖完了，换成红豆奶茶，还好,30,1.53639E+12
177633466,FJQ616725363,答案奶茶  不知道是不是美团的原因  并没有答案给我,30,1.53589E+12
177633466,匿名用户,店员态度好  可是问题与答案出现不匹配现象   不是很愉快 字是绿色的  觉得不好看,20,1.53477E+12
177633466,gnX817169001,【口味】很普通没什么特别的地方建议不要买,20,1.53525E+12
177633466,qkt401806268,19的那个网红奶茶真的不好喝  别的还可以,30,1.53511E+12
177633466,慎独°555,很白菜价，味道确实比不上一点点，COCO之类的，感觉是盗版emmmmmmm,20,1.53442E+12
177633466,匿名用户,虽然优惠券很便宜，但是味道真心很差,20,1.53296E+12
177633466,wq1561496620,有点淡，买过两次，不如第一次。。。。。。。。。,30,1.53294E+12
177633466,匿名用户,叫的红豆奶茶，给我弄的珍珠，最讨厌珍珠了……,20,1.53225E+12
169132831,L4968130,位置好找，服务态度很好，环境不错！,30,1.52732E+12
169132831,匿名用户,冲着答案茶去的，味道很一般。。。。,20,1.52818E+12
177271895,bbbb璐qqqq,虽说是美团 但感觉商家太区别对待美团客户 做的东西味道很一般 包装也一般 不知道的还以为是买鸡排送的饮料 说实话就是冲着招牌去的 结果很失望 口感不好,20,1.53906E+12
177271895,QQ9508,这次态度很差，答案茶连问题都没让我写，火龙果芝士雪盖里面的火龙果几乎没有，味道也不好喝，差评，味道和喝水一样,10,1.53759E+12
177271895,匿名用户,难喝，就是色素兑着冰块，难喝。完全不值得这个价,20,1.53857E+12
177271895,玛丽莲梦青青,随便试试，味道很不错，适合夏天，关键是有饱腹感，『答案』这么可爱的吗哈哈哈哈,30,1.53495E+12
177964819,MBt115336047,还可以，价格实惠，服务不错。挺好的,30,1.53895E+12
6166473,爱吃胡萝卜的cony,一直不舍得退之前抢到的代金券，但是这一家冰淇淋性价比真的不高，点了标准双球，加了不脆。。。的华夫脆。。。两个球挺大的，比哈根达斯的大，味道还行，但加的华夫脆和三块钱的料有点无力吐槽，店里面还有便利店一样的货架，还有答案茶，总体觉得一般,30,1.52923E+12
6166473,None,正在点餐，服务员拿勺子往冰淇淋里面夭了直接吃。。。。点一个什么茶，男服务员问女服务员你会做吗。完了说没有。。不会再来,30,1.53604E+12
6166473,betty131,环境不是很高端，和芭斯罗缤的品牌形象不符合啊,30,1.5319E+12
6166473,小结巴的乌鸡哥哥,小杯也太小了，冰激凌还是不加奶油比较好，有了奶油把冰激凌的味道都盖住了。,30,1.5288E+12
6166473,kOn499251791,一杯奶茶里水太多了,10,1.53225E+12
6166473,xOl435031879,我进去以为有什么特色，结果也点失望,20,1.53173E+12
6166473,QBq931428216,服务员垃圾,10,1.53199E+12
6166473,匿名用户,不咋样 【口味】不咋样。  要凑字数好难过，啊啊啊啊啊啊啊,30,1.53042E+12
6166473,CWG306712701,单球圣代特别特别小一个球 这样做生意早晚关门 应该去韩国的芭斯罗缤看看 别人是什么分量和服务,20,1.52887E+12
6166473,QDG79004989,服务员态度超级差 不想再来,10,1.52785E+12
6166473,Dco225392274,服务差,20,1.52783E+12
6166473,Xre301815083,一般，有点甜，就是冰沙没什么意思,30,1.52516E+12
6166473,林玉露,不好吃啊！还开了这么久是怎么维持下去的,20,1.52419E+12
6166473,我来背锅咯,一般吧，没想象中的好，不太喜欢,30,1.5225E+12
6166473,匿名用户,价格不便宜，味道觉得不是很出挑，但服务非常好。,20,1.51784E+12
6166473,gdh504219042,价格太贵，还不让享受会员折扣,30,1.51298E+12
6166473,匿名用户,服务态度很不好，再也不会光顾了,10,1.50382E+12
6166473,xiaohuang5603,味道一般，不会再来了，还是小哈更合我口味,20,1.5015E+12
6166473,SEEK2014,前两年去过一次不好吃，心想再去尝尝，这个后悔啊！服务不好味道也糟糕。,20,1.50079E+12
6166473,肯定忘不了,不咋样，问下顾客需不需要你们的巧克力再加，不要自主加巧克力,20,1.4899E+12
6166473,lio598159205,服务态度有待提高，分量怎么越来越少，很不喜欢这个店的服务员！,30,1.48916E+12
6166473,lio598159205,服务态度很一般，味道还是不错的，分量越来越少。,30,1.48916E+12
6166473,lio598159205,换服务员，换服务员，服务态度不热情，分量越来越少！,30,1.48916E+12
6166473,oeo237640642,一般吧，味道可以，没什么特别，也不是很纯正的口感,30,1.47987E+12
6166473,dasiy629,有点失望，最喜欢巴斯罗缤的香草口味冰淇淋，这里竟然没有,20,1.47782E+12
6166473,gwY725092172,宝贝很喜欢就是有点贵啦，团购的话偶尔吃吃,30,1.47104E+12
6166473,吃冰淇淋的羊,可以选的只有巧克力口味的几种，选了巧克力和香草奥利奥，味道纯正就是太甜了，担心会很容易胖，还是忍不了大吃。分量很足，粗放的感觉,30,1.47177E+12
6166473,_qqh681356761191,说实话之前觉得还不错，今天团了一次发现真心差的。不行，味道差了不是一点点，而且团购的那个冰淇淋感觉貌似假冒伪劣产品，外观难看的我都不好意拍照，和不是团购的差咯好几个档次，不能优惠就不要优惠啊，优惠的东西就差些，真心以后不来了……,20,1.47039E+12
177409415,匿名用户,还不错！位置不太好找。打电话问的,30,1.53587E+12
178092267,rvn865142225,不好喝,10,1.53474E+12
177556508,SNC524887066,原来位子在六渡桥的库玛这边，第一次跑错了，跑到了民众那边那家店去了，哈哈哈，不过店里小哥哥人挺好的，告诉我在马路对面！然后才找到位子，选的芝士抹茶，感觉味道还可以喔，还给我拉个花上去，很好漂亮的呢！哈哈哈,30,1.53492E+12
179490354,LOVE金花花,只能说怪不得这么便宜，味道真的跟以前最原始的一两块钱的奶茶一模一样，布丁可能提了一点成本上去，但是真的不推荐，赞知道就不省那两块钱买古茗了，唉，对答案茶很失望，不知道贵的味道是不是也这样,20,1.54121E+12
179490354,uzv253514024,可能是因为没有立即喝，所以红豆都化了吧�,20,1.54356E+12
179490354,Kau220354624,还可以吧，就是感觉有点像果酱调的。,30,1.5389E+12
179490354,光年之外1994,还不错，美团价格便宜，很好找。,30,1.53637E+12
178046795,VRs971140835,挺大一杯的，但味道不咋地，不过价钱这样也不能要求太多。,30,1.55215E+12
178046795,匿名用户,店里饮品偏贵 包装简陋 味道很一般比较淡 波霸奶茶里面只有少得可怜的珍珠豆 为什么不叫珍珠奶茶？坑爹一样的名字 虽然屋子里有座位 价格也不用这么虚高吧 我也没有进包间 反正小镇上对这家挺失望的 再也不会来喝了 还是益禾堂好喝实惠大杯 没图片你们自己想象吧 让我觉得不怎么的 服务员也是态度冷淡 说话啥的也装聋一样 整体都是不怎么样 我没情绪 只是觉得这家店着实不能让人满意谢谢,20,1.54002E+12
178046795,匿名用户,店里饮品偏贵 包装简陋 味道很一般比较淡 波霸奶茶里面只有少得可怜的珍珠豆 为什么不叫珍珠奶茶？坑爹一样的名字 虽然屋子里有座位 价格也不用这么虚高吧 我也没有进包间 反正小镇上对这家挺失望的 再也不会来喝了 还是益禾堂好喝实惠大杯 没图片你们自己想象吧 让我觉得不怎么的 服务员也是态度冷淡 说话啥的也装聋一样 整体都是不怎么样 我没情绪 只是觉得这家店着实不能让人满意谢谢,20,1.54002E+12
178046795,帅帅e呀,可以说很良心了，便宜、味道也还可以，这个价格可以说是很不错的，对于学生来说可以说是很良心的，而且价格也还可以，味道也还行，就是有点淡，味道在浓一点可能会更好�，不过这个价位也就没什么挑剔的了，而且也挺好看的，喜欢�,30,1.53941E+12
178046795,马晓丽521m,【口味】 【环境】 【等位】 【服务】 【口味】 【等位】 【口味】,20,1.54539E+12
178046795,ETx770763846,味道不错，服务很好，可以去试试，下次还会光临的～,30,1.54131E+12
178046795,匿名用户,不好喝！像三四元的奶茶！！！！！！,10,1.54149E+12
178046795,素e枽,一般一般一般一般班，就是网红茶，喝了不会再喝的茶,20,1.53673E+12
178046795,素e枽,真的很一般～，甜度一般～总的来说很一般,20,1.53673E+12
175174102,匿名用户,说了半糖，可是还是太甜了。，，,30,1.55179E+12
175174102,bOp505591644,感觉还可以 但是像珍珠那些实在是放的有点多,30,1.55038E+12
175174102,gld752979629,珍珠很硬，咬起很费劲。。。。。。。。,20,1.5503E+12
175174102,嘟嘟嘟哒哒喵,还好吧我觉得貌似和一点点差别不是很大emmm…,30,1.53433E+12
175174102,cBJ455065005,环境还不错。就是奶茶没有那么好喝。粉红色网红基地哈哈哈,30,1.53365E+12
179956379,凉若梦醒涛涛87,期待有新产品参加团购，选择更多,30,1.54575E+12
177607224,相惜lv花儿,在附近办事，看到有团购，果断买了尝试，味道不错，分量不错,30,1.54851E+12
177607224,相惜lv花儿,第二次购买，算是回头客了，味道不错，分量夜不错,30,1.54851E+12
177607224,FXJ218863863,还行吧，边上吃盖饭觉得口渴，搜最近距离奶茶买的,30,1.54643E+12
174917920,小猪佩奇与乔治耶,垃圾，假的答案，后来才知道他们家的水全部是去那个饮水机那里接的。而且味道真的难喝的要死。,10,1.54829E+12
174917920,UyJ323836008,不好喝 全是冰…………………………,20,1.54355E+12
174917920,李困兽,真的难喝真的难喝真的难喝，全是酸味，你们自己都不试味道的吗？？,10,1.53181E+12
174917920,李困兽,气泡水毫无气泡。。。同行人都觉得难喝之极,10,1.53181E+12
174917920,ryh398033159,说不出来的味道！！！！！！！！！！！,20,1.53266E+12
174917920,YDY215461076,味道还行，就是太甜了，盖住了茶的香味,30,1.52992E+12
174917920,匿名用户,布雷蛋糕没有蛋糕�┻┓  忘了说少糖了，有点太甜了,30,1.52795E+12
178886159,平淡亦可。,原味奶茶味道太甜了，奶茶喝得多的，一喝就知道奶精粉太多。以后还是尽量少买奶茶喝，不健康。,20,1.55491E+12
178886159,匿名用户,不合口味，味道怪怪的说不出来。,20,1.54653E+12
184190248,ksO986173155,答应了无糖，还是很甜,10,1.54814E+12
177635022,iBR487411004,不知道是不是团购的原因，珍珠很硬，点的就很好喝,30,1.53253E+12
177635022,匿名用户,不好喝。感觉并没有我要的答案。还是不能图便宜了,20,1.53028E+12
169104994,佳哥威武霸气,味道真心不咋个。。。。。不知道为啥这么火,20,1.52904E+12
178810196,Mandy891015,什么超级百香果，都没有百香果的味道，全是红茶味，加了奶盖，有了奶味，但就是没有百香果的味道，甚至百香果的香味都没有…,10,1.54314E+12
178810196,Mandy891015,不好喝，里面的沙冰看着一坨一坨的…,10,1.54314E+12
178810196,匿名用户,新的的一家网红奶茶店，很不错，好喝，团购的划算,30,1.53569E+12
178810196,匿名用户,毕竟网红店，还可以吧，味道也还不错。,30,1.53595E+12
178810196,匿名用户,感觉美团团的像受到歧视了一样，等了很久最后没有人了才想起,10,1.53789E+12
178810196,轻言849,环境和态度还是很好的，就是有点贵，在美团上购买要便宜点。,30,1.53586E+12
178810196,匿名用户,第一次去，本身是被动性格，店员并没有问要不要玩那个，以为会问都已经商量好了怎么玩，店员一直没问，后面的人来了店员都问了，走之前还听到似乎有第二杯半价活动，味道都是各有所爱不多评价,20,1.53441E+12
178810196,匿名用户,味道都感觉差不多，如果不团购，这价格就贵了，卖的就是一个噱头,30,1.53631E+12
178810196,匿名用户,真的不是很好喝，还是没得寻茶的好喝,10,1.5344E+12
174923743,zouzou55,真的不好吃，第一次吃这么难吃的鸡蛋仔，一点不脆,10,1.55386E+12
174923743,匿名用户,请问你们吃的都是这个色吗？不想吐槽,20,1.55265E+12
174923743,单车车9,还可以，味道不错，位置可以，总之满意，啦啦啦啦,30,1.5534E+12
174923743,匿名用户,团购的，味道不错，服务态度也不错，推荐。 #布丁#,30,1.54962E+12
174923743,若sun3345613,分量比较小，味道还可以，红豆味的。位置也好找,20,1.55152E+12
174923743,OYI675371238,辣，辣椒都是一个一个的，辣的不要不要的,30,1.55194E+12
174923743,wt_阿澍,这家答案茶位置在沙坪坝三峡广场，雷家老农民那里往里走一点。 新开的一家店吧，活动力度蛮大的。 团的一份双皮奶，验好券，拿出来舀了点红豆给我的。 团购价格比较便宜，份量也的确不算大。 味道比较一般，奶味比较淡，奶香味也不是很足。口感还行，比较像果冻。 上面的红豆还不少，煮得也比较耙，红豆还可以。 差不多就这样吧，可能他家的饮料会好一点。,30,1.54079E+12
174923743,VFe912929126,很早就听到过这家店名，这家店在沙坪坝好吃街里，店面有点靠里面了，不是很显目，但也还是好找，就在蓝天歌剧院旁边的吃的一条街上，店里的小美女很热情，仔细询问需要的口味后很快就端出来了，只是份量感觉是很小杯的，但味道也还可以，毕竟价格很便宜啦！,30,1.54271E+12
174923743,ROJ609788286,小哥哥看到拼团有点不安逸的样子哦,30,1.54894E+12
174923743,fMm90340779,就在三福旁边的小巷子里面，挺好找的，我点的金桔凤梨奶盖，奶盖挺好喝的，茶淡淡的很清新，上面的字蛮有意思的，凤梨挺好吃的，但如果水果多一点就好了，店里面有两个小哥哥在做，装修风格还可以，但是感觉没有太大的惊喜，可以试一试。 #金桔凤梨奶盖#,30,1.54113E+12
174923743,萝卜啵啵阿,团购的很便宜，味道还不错，买的双皮奶，上面是红豆，不过红豆有点少。现在天气冷了，双皮奶是从冰箱里拿出来的，放一会吃也很吃的。1.8元一碗性价比还是很高了，和小伙伴一起分享的，下次去试试仙草冻和布丁吧！！,30,1.54158E+12
174923743,Vga556843454,付账后才发现团购只要2.8元。 马上喊服务员退。 结果服务员态度不好。直接拒绝我 说已经入系统退不出来。  气人得很。不过还好味道可以    又团购了三个。推荐布丁和双皮奶。 仙草栋没什么味道,10,1.5422E+12
174923743,江船586,双皮奶 烧仙草 布丁 团购的1.8元的券，比较便宜。这样子讲，因为，确实，这个非常非常的小。双皮奶 布丁 这两个味道还可以，烧仙草 这个实在有点难接受。怎么说呢，有点苦，有点，僵。然后，就只有几个红豆调味。 【服务】还可以哦。,30,1.54113E+12
174923743,匿名用户,感觉放了很久 水zaza的，中间还有透明的东西,10,1.54591E+12
174923743,阿箴子,只能说便宜没好货，但是也不至于发霉的产品吧？从来没有差评过，但是实在是要说一下，不知道放了几天的产品，味道在嘴里发苦，面上一层白白的东西是什么，吃了两口不准备吃了，竟然发现有几处长霉的地方，果断直接扔掉了，本来想找商家理论的，但是想着这么两块钱的事儿，别人还觉得你团购了傻缺？但是不论怎样，竟然是和美团合作，搞活动来着，也不能这么敷衍吧？反正以后坚决不喝这种了，也希望商家别以为是团购便宜的就区别对待！,10,1.54087E+12
174923743,YJR327200877,小小一个，味道不错�����,30,1.54657E+12
174923743,年七298,一般般吧 不推荐 红豆还可以………,30,1.54434E+12
174923743,匿名用户,很小的一杯，不好吃，服务态度也不好。�,10,1.54435E+12
174923743,紫色筱兔,团了一个仙草好难吃，我从来没有丢弃过美食，这次是真吃不下去啊,20,1.54114E+12
174923743,wu小猪,秒杀1.8元，杯子本来就小还是半杯，就值这点钱,30,1.54104E+12
174923743,2018zhou,烧仙草一点味道都没得，只有配着里面的红豆才能咽下。,20,1.54066E+12
174923743,GrO14444049,味道还行，价格偏贵，比较有创意,30,1.53759E+12
174923743,小陈陈记忆,一般吧，服务员一直感觉不高兴的样子，,20,1.53759E+12
174923743,清香的树,给的答案很有意思噢，还可以吧。,30,1.53768E+12
174923743,匿名用户,味道一般般，不是那么好喝，只是比较新颖的答案茶,20,1.5368E+12
174923743,我的笑里有阳光,主要是网红茶吧，第一次尝试，也还行，主要是图个新鲜！,30,1.53122E+12
174923743,fengtq,特别喜欢的一家店      三峡广场这家找了还是蛮久的   不过好喝！,30,1.53042E+12
174923743,Enb908886877,果然神不喜欢被质疑，并没有想象的那么神奇，答案特别片面糊弄,10,1.53217E+12
174923743,yOV125184878,一般，还可以，不错，环境卫生。。。。。。。。。。。,30,1.53173E+12
174923743,yOV125184878,买的奶茶，口感一般，好想尝试一下奶盖，能推荐一下那个好喝,30,1.53096E+12
174923743,NGB541831601,【等位】 【服务】 【环境】 【口味】 【口味】 【环境】 【服务】 【等位】,30,1.5403E+12
181044662,hpA679952350,味道还可以,但还是要加油,口感不错
190800383,人间天灬才tua,秒杀的，感谢！环境不错还挺大的，服务态度也很好，份量多。就是这个味道是我喝过的最淡的奶茶(ुŏ̥̥̥̥םŏ̥̥̥̥) ु没啥味道，望改进。生意不好做珍惜顾客。还是给三颗星鼓励鼓励。位置在华宇背面火车站对面，楼上是椰岛造型。,30,1.55515E+12
169988955,正序悖论,因为大冬天吃冰太冷了，所以小姐姐给我们还了乌龙柠檬茶，但是真的太大方了，茶里面一整个柠檬，哇，酸得要命,30,1.55025E+12
169988955,Orange3142,感觉智商受到了暴击，各位要仔细看商品信息,10,1.5504E+12
169988955,Eus474833409,要了超级柠檬茶，是常温的，没想到也是温的，要冰的才好喝，一般般吧,20,1.54826E+12
169988955,WVQ186947630,相当慢,20,1.52967E+12
179422990,匿名用户,难喝，去的时候都没人，生意不好，有待改进,20,1.55361E+12
179422990,yuanyuan720,没有奶味没有茶味，真的不好喝，,20,1.55376E+12
179422990,匿名用户,说实话不怎么好喝，价格还贵，除了环境不错，其他没有什么好的,20,1.54225E+12
179422990,就爱哭泣,还不错就是有点太甜了，不喜欢这么甜的,30,1.53888E+12
169404468,tpK256322088,别的不说，态度非常不好，难道就因为我是外地人跟她说普通话，而且我还是美团外卖上团的券吗？吸管直接是给我丢过来的，是网红奶茶，生意也很好，但请对待每一个顾客都一视同仁，感觉非常不好，大写的差评。,10,1.53866E+12
169404468,Esd497607849,不太能接受这个味道，服务还不错,20,1.54341E+12
169404468,poh152870577,味道一般，就是噱头，奶盖奶味不足，茶又偏涩,20,1.53895E+12
169404468,匿名用户,很一般，服务也很一般，个人不太喜欢,20,1.53804E+12
169404468,Fool.苗木,很好喝，个人觉得很有意思，挺好的!,30,1.5338E+12
169404468,匿名用户,味道一般，奶盖不正宗，服务态度很好,20,1.53676E+12
169404468,W当你.,听说正版答案茶已经改名了，去店里喝茶纯粹是找个地方歇凉���,20,1.53578E+12
169404468,匿名用户,团购是小杯的 其实比起来并没有便宜 而且不好喝,10,1.53345E+12
169404468,匿名用户,叫美女还不行要叫服务员，没有隔壁好喝,20,1.5333E+12
169404468,匿名用户,选的百香果多多，没有多多的味道，其它还可以,30,1.53182E+12
169356645,vtQ898025784,珍珠不是真的黑糖珍珠  没有味道 不好喝,10,1.55488E+12
169356645,匿名用户,茉莉小可爱，一直就喝这个，但是，只要是小姐姐在店，做，这个就特别的淡，没有奶香味，口感太不好了，两次了，那两个小哥哥做的好喝，差距太大了，想喝这个的，建议，小姐姐在店不要买了，淡到白开水一样，,10,1.55332E+12
169356645,匿名用户,味道还可以，环境不错，服务好！,30,1.55547E+12
169356645,匿名用户,奶茶很一般啊 不知道人怎么这么多  是能占卜招的人吧,20,1.55463E+12
169356645,匿名用户,味道还行吧 价格便宜啊啊啊啊啊啊,30,1.55143E+12
169356645,帮我叫下饿了么,东西一般，当时忘了评价了，也就是个网红饮品,20,1.55075E+12
169356645,周大寶的奶酪,还可以，来吧 【口味】 【环境】！ 【等位】 【环境】 【等位】 【环境】,30,1.54971E+12
169356645,sAt945883700,味道还可以，有点甜腻，现在奶茶都差不多口味,30,1.54816E+12
169356645,小澜玉,第一次消费！其实消费前就感觉不是适合自己的，无奈孩子在旁边唱吧玩，又不能把孩子自己放那里走太远，只能选择这个最近的店铺买点喝的！太冷，去冰也凉！稍苦，遮住苦味又太多糖，矛盾！量又一般！！不过什么写问题的形式适合年轻人玩！,20,1.5364E+12
169356645,BdF624502092,还算可以吧  不过也没看到答案啊  本以为会有神奇的答案  原来都是大众好话  味道还不错,30,1.54466E+12
169356645,lovely的人,明明说的一温一凉 做成两个月温的 还强词夺理 态度极差 收银员一脸丧气 不接受卖家辩解。,10,1.54193E+12
169356645,丶堕落大国o,网红产品吧 很一般 跟在其他地方喝的不一样,20,1.54201E+12
169356645,knacky72039,好像是最近挺好的一家店，很好奇，正好看电影过来尝尝。选好后，先把自己的问题写在杯套上，交给调配的服务员，最后奶盖上就是自己的答案。味道还好，不是很甜，奶盖不是很腻。没有什么特别之处。下次可以尝尝别的。收款的服务不错。调配的女孩搞不懂在想什么？都做好了就在旁边一放，也不递过来，我不问都不能给拿过来，真够艮的。太耽误时间了！,30,1.53391E+12
169356645,藕花深处,跟着点评风来的，前段时间好多小伙伴都来他家，所以跟着风就来了 【位置】中央大道3楼 【环境】他家的装修有种占卜的感觉，和名字很般配 【口味】在美团团的2张券，沙冰奶盖系列，乱七八糟的写了2个问题，答案也只能一笑而过，饮品不是很好喝总给人一种特别齁人的感觉，不是很喜欢,30,1.53172E+12
169356645,傲娇受700,个人口感吧 柠檬草莓 味道真的一般，,30,1.54038E+12
169356645,水瓶座妞妞,凑合，口味偏淡……                                    不想买第二次了,20,1.54022E+12
169356645,喵小姐和汪先生cx,怎么说呢，网红的饮品就只能待在网红里，没什么特别的，也不好喝。要问的问题就只能有三种，以是不是什么开头，问星座等等。店子在商业街里，人不是很多，味道一般般，店子布置的很好，服务人员也很好，应该不会再来啦,20,1.53197E+12
169356645,hkE110907505,有点苦……不太好喝，不知道是西柚不新鲜还是本来就是这个味道,20,1.53948E+12
169356645,秋日的梧桐树,其实这东西并不是随机出的答案，,30,1.53836E+12
169356645,应有归途,emmmmm，只是冲着答案来的，味道嘛...有待改进吧...,30,1.53831E+12
174871695,LiuEsun,要了一杯奶盖，没有错！就是奶盖！上下茶色不一样是因为手挡住了光,10,1.54867E+12
174871695,愤怒的me菇,为什么非得写评论？？？？？？？,30,1.54303E+12
174871695,愤怒的me菇,为什么非得写评论？？？？？？？？,30,1.54303E+12
174871695,愤怒的me菇,为什么非得写评论！？？？？！！！,30,1.54303E+12
174871695,匿名用户,虽然品牌很火 味道我反正觉着挺一般...,30,1.54209E+12
174871695,铖铖0220,第一次购买，味道还不错。美团购买的优惠劵还是很合适的。,30,1.54064E+12
174871695,_qqk5d1391318857,【口味】一般 【环境】不错 【服务】还可以 【等位】挺快的,20,1.54021E+12
174871695,存在的就合理,答案茶~一杯可以占卜的茶~强迫症的我，因为上次那个问题的答案，模糊了没有看清楚，纠结了好久，最后还是决定，这次非要问那个跟上次一样的问题，想看看答案是不是一样哒�结果不出所料是不一样的，哈哈~过来不是因为喝茶，是因为好奇心�,30,1.53277E+12
174871695,黄小豆麻麻,说了少冰！结果还是一堆冰�等的时间太长 人也不算多 做的太慢,20,1.53639E+12
174871695,刘伊明明明,小清新还高大上，不错不错，味道好,30,1.53784E+12
174871695,歪歪歪歪歪猴__,还可能，没有写问题，店美女给我弄了一个随机答案哈哈哈哈,30,1.53386E+12
174871695,匿名用户,一切都好  就是没给我想要的答案�,30,1.53364E+12
174871695,匿名用户,给朋友买的，感觉她不是很满意，味道一般般,30,1.53287E+12
174871695,匿名用户,还可以吧，奶盖加上果茶味道有点奇怪,30,1.53287E+12
174871695,苏璟丶,味道一般，炒作的。奶茶味太淡了。,10,1.5326E+12
174871695,LiuEsun,和大家一样 我只是为了个答案 味道真不好喝,20,1.53184E+12
174871695,胖兔儿,要的去冰半糖，结果拿到有冰贼啦甜，口味一般般。,30,1.52858E+12
179522103,随着留言附语,去了，答案奶茶永远答案是我最满意的。,20,1.55033E+12
179522103,匿名用户,好喝不错 赞一个 价格还可以 解渴 下次还会来,30,1.54547E+12
179522103,匿名用户,不给补差价就算了，啥啥都没有，只要超过18的，都说没有，没珍珠，做不了，这不是变相涨价？以后不回来了！,20,1.53846E+12
182117728,zgj1984,不甜，奶味重一些！不是我喜欢的味道。如果在甜一些，里面加点其他的果汁估计能好一些！！！！！！！！！！！！！！！！！……………………………………………………………………………………………………………………,20,1.55607E+12
182117728,oHA953372367,味道一点也不好喝哎� 都不如买矿泉水,20,1.55595E+12
182117728,匿名用户,杯子底有些大枣切碎的，太甜了，加红糖了，万达金街里绕了一圈才找到,30,1.5396E+12
178727241,laodu79,很冷清的小店，不在商场里，找了好久才找到。东西味道一般，没有答案茶特色了,20,1.54028E+12
178727241,flmydd,进店说是团购的美团卷，一女店员说团购的给的是中杯的，我8.9元团购原价是11元的，你给我9元中杯的？这样商家不是欺诈消费者的行为吗？那你上美团标注的优惠价是闹着玩的吗？,20,1.53923E+12
178727241,xw376369970,怎么说呢，口味偏淡，喝惯了甜口味的我觉得不太适合自己，奶茶口感应该不是鲜煮的，喜欢淡一些口味的可以喝一下,30,1.53528E+12
178727241,wangxian830911,挺好的，有点淡，店家做的很快。在旁边吃饭去的,30,1.5333E+12
178727241,ibO713156836,服务态度很不错，味道很好的，品尝后就是你想要的答案,30,1.53252E+12
170635004,北岛阿狸,奶茶火锅其实并没有这么多料  美团的图片看上去就会显得多一点  喝多了会很腻  重要的是服务态度就那样吧（那位前台玩手机的姐姐玩的是真的尽兴，玩到说话都这么小声了诶）,20,1.55153E+12
170635004,朱翠冰,服务态度太差了，服务员像人欠了几百万一样 【服务】,10,1.55283E+12
170635004,KCv479120686,服务态度差，超级差，没见过这么差的店,10,1.55272E+12
170635004,花在燃烧,就那么一两分钟就没火了，冬天冷得很快。很多东西没有，不咋好吃，那个黄色的很酸，棉花糖甚是奇怪。性价比低。我看别家的有芒果，有芋丸，下次试别家的，这家不会来了。,20,1.5467E+12
170635004,匿名用户,还可以吧，就是喝了晚上睡不着……,20,1.54627E+12
170635004,匿名用户,超级难喝，15.9团的是可可波波茶，珍珠韧性超厉害，沒办法嚼得开，吸管还吸不上珍珠，卡在中间，上又上不来，吐又吐不下去，舌头都刮痛了，无下次，劲差,10,1.54514E+12
170635004,七彩琉璃玥,说真的答案茶其实不怎么好喝但是样子不错是真的。最近发现印象城新开了一家答案茶，溜进去尝尝了，价格挺贵的，不过幸好有美团券，不然确实不怎么实惠。味道的话一般般吧，奶茶店无非都是这种情况，除非有特别出色的咯,30,1.54313E+12
170635004,喵喵喵喵星球来的,去印象城逛街正好想喝水果茶，在美团搜到才去的。不像别家的答案茶会让你写下问题，有点小失望。出品速度还可以，茶味还不错。但是水果品种太少了，只有西瓜 菠萝和橙，吃了一口菠萝就不想再吃水果了。菠萝不新鲜，味道有点馊搜的……,20,1.53669E+12
170635004,匿名用户,还行  老板不会用美团收钱  折腾好久,30,1.54564E+12
170635004,Yzi06,味道比较一般，酸酸甜甜。材料比较少，口感没有奶茶那么好,30,1.54247E+12
170635004,shS903738610,难喝，真的难喝 ，不会有下次了，第一次喝这么难喝的奶茶,10,1.54177E+12
170635004,梁瑞梅214,一般般，味道不太好.........,30,1.54072E+12
170635004,CMv506586590,太甜了，奶茶底不行，其实我也是在奶茶店学过的，希望老板改改奶茶底,20,1.5389E+12
170635004,miny华哥,环境不错，棒棒哒，(*^ω^*),30,1.53907E+12
170635004,朱古力猪肉干,前几天去觉得不是特别好喝也不难喝，一般般吧，有点甜，今天刚好过去印象城有位就想说试试其他，一共点了3杯，刚开始用粤语说的，后来看到点单的人说普通话我又用普通话重复了一遍，顾着聊天没看小票，喝了一口才发现下错单了，我要的是抹茶波波茶，哎喝了就懒得去换了，也不好意思，但是说少甜几杯都还是很甜，我确定不会再去了,20,1.53201E+12
170635004,clecy,茶品名称有特色，店员服务还算可以，就是慢了点,30,1.5356E+12
170635004,匿名用户,叫她少冰既然说这说那，不会有下次，百香果又少，一点味道都没有,10,1.53511E+12
170635004,匿名用户,不像顾客问问题，前台小姑娘声音太小，虽然说都是奶茶店，但要对得起价格，服务没要到位,20,1.53407E+12
170635004,匿名用户,不能去冰，一杯的冰，几口就喝完了，太差了,10,1.53529E+12
170635004,Cca309523949,有喜茶的味道，不错不错，继续保持下去,30,1.5345E+12
170635004,后街女孩12345,下单才说要有奶盖才能问问题，不是所有奶茶都可以�️答案,20,1.53338E+12
170635004,陈贤荣487,服务挺好的，味道就一般般不算好喝，,20,1.53345E+12
170635004,朱古力猪肉干,太甜～甜到腻了，而且感觉有点忙不过来,30,1.53155E+12
170635004,我猫叫张家辉,【口味】不错，用料十足 【服务】小姐姐态度非常棒了 【环境】赞,30,1.53269E+12
170635004,匿名用户,一般般吧，便宜点，但是比较普通，黑凤梨好一点,20,1.5328E+12
170635004,匿名用户,一般般，太甜了，做杯东西又慢，态度又不好。。。。。。。。,20,1.53196E+12
170635004,IsZ324172334,不好喝，纯粹是因为有答案这个特殊的活动，别人才会去喝,20,1.53214E+12
170635004,cyxrrr,等得很久，感觉效率有点低，那个茶有点冷，好像喝冰沙一样,30,1.53137E+12
170635004,UQv335472563,比之前买的小杯了，不开心�……………………,20,1.53217E+12
170635004,匿名用户,太甜啦，珍珠好硬,30,1.53086E+12
179178558,匿名用户,还可以啊，奶盐芒芒刚刚好符合我的口味,30,1.55448E+12
179178558,静静是个好宝宝,还行吧，不过觉得喝了喉咙很干，而且珍珠不太好,20,1.54666E+12
179178558,幸福蕊,这家的奶茶是我喝过最差劲的�，淡如水还没有我自己做的好喝，水可能是生水吧，反正喝完没多久就肚子疼，以后不会在去了，怪不得别家坐满了人，这家空空如也��,10,1.53788E+12
179178558,陌小薰,服务态度很好，上茶很快速。味道不错。,30,1.53742E+12
179178558,kristinan,还可以，店家服务好，环境还可以,30,1.53648E+12
181421269,陌默598,挺好的� 【口味】OK 【环境】OK 【服务】OK,30,1.54909E+12
171060653,匿名用户,差评，差评，差评，服务员说没珍珠了，然后给我们少放一点，少就算了，结果那个珍珠硬得跟石头似的，什么吃？？？咬不动的，奶又少，美团团购的就这等服务的吗？,10,1.5416E+12
171060653,abc_3314159,味道还可以吧， 价钱还比较实惠。,30,1.54011E+12
171060653,匿名用户,还行吧，不够喜茶的布雷波波茶好喝,30,1.53951E+12
171060653,Dayday_girl,现在晚上11:05，可可波波茶的珍珠有点硬。服务员没有问我几分甜。去不去冰之类的，女服务员态度不好，要死不活的样子,20,1.53581E+12
171060653,_qqtcm1321941168,打包了一份鲜奶波波珍珠奶茶，觉得奶味是够的，但茶味不够浓。,30,1.53607E+12
171060653,匿名用户,服务态度很好，鲜奶波波丸真的不好吃,20,1.53768E+12
171060653,匿名用户,不好 劵只能一次使用 只能单点二十 关键验证之后才说没有奶盖 既然前一天就没有奶盖了 应该要提前说而不是验证之后才说 而且没奶盖也就算了 出品居然是用百香果原液直接兑水似的 反正没下次,20,1.52992E+12
171060653,匿名用户,个人觉得芝士味道不怎么样，店铺环境还行，就是有一点点小，下午去的，人不是很多。,20,1.52707E+12
171060653,微微笑333,个人感觉奶茶很一般，很淡。。。。。。。。,20,1.52699E+12
174472269,dXH208638512,还行 不过答案没多有趣 希望下次多点有趣答案,30,1.54779E+12
174472269,匿名用户,不喜欢那个味道，很难喝真的很难喝,10,1.54373E+12
174472269,匿名用户,店员小姐姐态度很不错  但是味道真的不能再一般了,30,1.53784E+12
178786445,JEj323394004,不敢恭维啊 喝的我都想吐了 很腻 我很不喜欢这样的味道 唉 没办法啊,20,1.53943E+12
178786445,匿名用户,宝贝们选的没有了，换了一种，口感不错，也干净卫生！,30,1.53999E+12
175473305,我爱郭雪英,这家答案茶的地址在中山西路恒峰步行街里面，从星空影城这个入口进去五十米左右就能看到了。 店铺装修挺小清新，感觉很雅致。二楼很幽静，很适合躲懒发呆。 服务员小哥的态度还不错，做事情挺认真也蛮麻利的。 奶茶味道只能说中规中矩，并不难喝但也没什么亮点。只不过当时买的时候有团购，因为团购价格很划算才选择了这家奶茶。 #招牌珍珠红茶# #茉香奶茶#,30,1.55144E+12
175473305,匿名用户,团了一个满杯柠檬红玉，原来红玉是红茶的一种？关键是，美团标注原价20，美团价14.9，茶杯上贴的标签是12.9，嗯？？？味道真的也一般啦，我点的冰的，也许热饮要好点。,20,1.5395E+12
175473305,Y浅蓝月亮,位置不好找，导航地图也不清楚。环境不错,30,1.53528E+12
175473305,匿名用户,味道可以，环境一般，服务还可以,30,1.53497E+12
175473305,匿名用户,味道可以，环境一般，服务还可以,30,1.53497E+12
169808970,mON516612715,非常垃圾，明明可以支付宝支付的，店员却说不可以支付宝支付，还说叫我问朋友借，又说叫我把支付宝的钱转到微信来支付，他们可以等。非常垃圾,10,1.53251E+12
177269861,我爱郭雪英,这家满意答案奶茶店开在宝山北路师大附中的侧门旁，边上是贞丰糯米饭和柴老弟素粉馆，很好找到。店铺当街，过往人流量还是很大的。 店铺应该是重新装修过，虽然空间不大但给人感觉很简洁清新。 是前段时间从美团上团购的，今天经过师大正好尝一下。 几个服务员小妹蛮活泼，叽叽喳喳的向我推荐店里的各种奶茶。 但个人感觉口感一般，奶茶味道偏淡，算不上好喝。,20,1.55144E+12
177269861,OSd431864461,死贵，而且答案哪里是什么答案，完全就是既定的，很机械,10,1.54961E+12
177269861,stroming123,要是跟着地图，绝对找不到，其实就在师大天桥下面，味道不错。,30,1.54883E+12
177269861,匿名用户,没有很好喝 但是店员很好 还是可以,20,1.54715E+12
177269861,匿名用户,红豆的还可以，原味的不甜。。。。。。。,30,1.54367E+12
177269861,书僔麻麻,还行吧，人挺多的，便宜实惠，不谢说什么了,20,1.5414E+12
177269861,Gaoyapeng1,还不错，味道也挺好的�下次还会来……,30,1.54149E+12
177269861,匿名用户,什么味道都没有   就像水一样  后悔。,10,1.53987E+12
177269861,YL.EO,好喝，只是有点小贵，不过值了，很喜欢,30,1.53862E+12
177269861,VOx840165309,味道真的不是很好，口感特别差，就像是香精放在了里面一样的，我是美团上点的，叫什么蔓越莓的，真的很难喝。本来想尝一下，结果没想到是这样，太失望,10,1.5318E+12
177269861,熊儿1210,店面干净，口味还能接受，地方好找,30,1.53536E+12
177269861,匿名用户,个人觉得不好喝……我们几个人都团了，都觉得不好喝,20,1.53476E+12
177269861,匿名用户,简直就是糖精水，差的要死，去买的时候好几个在哪里摆龙门阵，爱理不理的,10,1.53352E+12
177269861,Vdt806444101,味道像是昨天的奶茶  已经有酸味  估计是昨天剩的茶水冲的   什么都不想说  商家自己心里面明白就好,20,1.53181E+12
177269861,RZJ671557306,还不错，团购很便宜，位置也方便,30,1.5326E+12
177269861,空心糖丸,还可以，还可以，味道挺不错的。,30,1.53236E+12
177269861,温宁i,一般 味道比较淡 最近不能喝冰的 一般奶茶都是做常温的 然后没问要不要加冰 直接加了很多冰,30,1.5314E+12
177269861,匿名用户,味道一般般，不是很好喝。。。。。..,30,1.53095E+12
168873898,十二少–,【口味】口味一般，本来很期待，最近比较迷奶盖，但是觉得略微失望，奶盖和茶的味道都比较一般，百香果太酸了 【等位】效率还行吧，大概等了四五分钟的样子，等位的过程中有写了自己的问题，店的位置不太好找，找了好久才找到,20,1.55266E+12
168873898,十二少–,【口味】味道一般，奶盖和茶都不是很好喝，也不知道是不是正宗的答案茶，网红店好像比较容易踩雷emmmmmm 【服务】小哥哥服务不错，值得夸奖，点单后有给我们笔和纸写自己的答案，很热情的两个小哥哥，nice,20,1.55266E+12
168873898,ddP777034837,奶盖也没啥味道 太酸了 没喝完点的是啥忘记了,20,1.54979E+12
168873898,llA156156667,有心意，不过我喜欢奶盖味重些的.,30,1.54869E+12
168873898,呜呜vv,还不错 一般般 刚火的时候去的 价格小贵 答案普遍 没给人意想不到的效果,30,1.54752E+12
168873898,匿名用户,还好吧，奶茶都一个味，冲着网红店来看看的,20,1.54717E+12
168873898,Naturenuts,刚好去的时候人好多，被学生党把柜台都包围了。点单有点混乱，然后喝的时候才发现，是不是给错了?小票和贴在杯子上的号都不一样。原来在昆明广场喝过团购的也是这个原价，都是大杯的，这个变成缩小版，然后有点纳闷，才翻出照片比对号码，差了一个……不管到底是不是弄错，都觉得不应该出现的错误。另外杯子贴条写着21元，这么价格才小杯是不是又弄错了?即使加盟店价格应该也一致吧?总体用团购价格买这杯性价比有点低，下次还是去其他店喝。,20,1.53338E+12
168873898,gpS862943927,还可以吧。价格便宜！！！！！！！,30,1.54211E+12
168873898,dew8180,茶太清淡了 喝不来乌龙茶味道 看原价是21块 打折的还合算 杯子有点小 不像照片的那么大,30,1.53962E+12
168873898,匿名用户,冲着特价去的，除了答案新鲜，其他不怎样。,20,1.54065E+12
168873898,小奶居居,饮品味道很好，浓浓的蜜桃和百香果味。可惜，这次印的图片把我龙哥弄成了大红唇、白内障……�不开心 #百香果桃白白#,30,1.53882E+12
168873898,匿名用户,要的常规版，甜度不够，味道淡！,30,1.53949E+12
168873898,匿名用户,首先并没有说明是小杯的 这样美团上根本没有优惠 店员服务态度超级差 直接丢两个袋子给你自己装 杯子也是设计的很不合理 很大一个口子 碰到答案就花了 店员看见也不管不问 吸管是吸管不好插 直接喝全部撒出来 不知道怎么设计的 非常小一瓶 比我的手还小很多 总之怀着很大的期待去喝这个答案茶 最后很失望 真是垃圾  【口味】就是普通茶和一层奶盖 【服务】差,10,1.52818E+12
168873898,匿名用户,味道一般般吧，不知道是不是因为我没选好也就是图个好玩。,30,1.5357E+12
168873898,匿名用户,是因为抖音去的，但是不知道是否是因为我没有问问题，所以就没有答案，饮品还行吧！下次去尝一尝其他口味的,30,1.53046E+12
168873898,林林林林小星,被抖音骗去的，虽然很红，但价格还挺亲民的……口味的哈，没有什么独特的，乌龙有些苦，奶盖一般般的，但还挺厚的  追求新事物的孩子们还是可以尝试尝试的  问题的回答有些没头没脑的� 可能是那种系统的问答  要是用心点就更好了,30,1.52579E+12
168873898,匿名用户,个人觉得一般吧，味道没有很特别。,30,1.53153E+12
168873898,纠结的麦子茶,一般般，就是比较有特色，味道不咋地,30,1.5313E+12
168873898,匿名用户,服务不好，是本点员工吗？怎么不让我们写问题，我的答案去哪了，什么操作流程都不知道，还给我提前想好了问题，***……满心的期待换来的是这种结果！,10,1.52648E+12
168873898,铭杰兄,套路，根本就没有想要的答案，一直很期待的找到他们家，结果很失望,20,1.53045E+12
168873898,_qqmfk1373082798,一般般 还没有一般的奶盖好喝 中了抖音的毒 答案就是个噱头~,30,1.52972E+12
168873898,ZGNqw,味道还可以吧，其实就是奔着回答去的，感觉很神奇呢，适合社会人���,30,1.52544E+12
168873898,匿名用户,本来是冲着答案来的，结果写了问题，没有给我答案？！！,10,1.52776E+12
168873898,LWi215616664,女服务员的态度简直差到爆，其他人的服务态度都还是挺好的，奶盖味道感觉不错�,20,1.5281E+12
168873898,匿名用户,味道很一般，答案，我不接受，真的很一般,20,1.52862E+12
168873898,ZGY733249003,团购的9.9，这么一小杯，问原价21是不是也这么小，回答是。这价格谁会买。团购都不值。奶盖味道很一般。从此不会去第二次。,20,1.52595E+12
168873898,oiM640404922,居然没有答案，商家要不要这么懒啊，本来就冲着答案去的，一揭开空空的，哎,20,1.52653E+12
168873898,徐老包,喝着还可以吧，就是答案感觉太敷衍,30,1.52697E+12
168873898,浪之助,就是好玩，茶也还可以，去体验一次还是可以的！,30,1.52664E+12
168873898,CTH891687563,这次买的和上次的竟然不一样，同一种竟然不一样,30,1.52663E+12
168873898,nawm9945027,乌龙和奶盖的味道很搭，答案也很有趣。,30,1.52528E+12
169087781,rmZ915486076,和普通的奶茶一样，就是多了点东西,20,1.55512E+12
169087781,RRN167685522,【口味】三种奶茶底料到店说没有了，只有茉莉乌龙还有个啥。团购里面的部分加料也说没了，店员表示有什么就给什么。很失望�没有我和闺蜜最喜欢嚼的芋圆，并且给了不喜欢的晶球 一口都没碰 【环境】对于甜品店来说很普通 【等位】下午五点到的，没多久听到了外卖订单响起。耐心等了20分钟去问，店员说可能还要20分钟。40分钟后，看着他花了五分钟把两份奶茶火锅准备好了。好气哦，但还是要保持微笑:）,30,1.54374E+12
169087781,匿名用户,怎么说呢没想象中的那么好、感受一下,30,1.55177E+12
169087781,匿名用户,服了，人家的贵妃醉茶奶盖比我多了一半，就这么不待见美团?做不起就下架吧！虽然他们家奶茶火锅比较新颖，但是店铺太小了，而且全是烟味，是个吸二手烟的好去处哦,20,1.54825E+12
169087781,Qlr594949772,味道还不错，珍珠这些吃的不多，喝奶茶管饱，两个人喝不完，可以打包。堂食吸管不是一次性的，是金属的，好看归好看，就怕不干净不敢用，可以换成一次性的。来吃的人挺多的，上的也挺慢的。,30,1.54912E+12
169087781,匿名用户,还可以吧  第一次体验这种奶茶火锅  但是喝多了就开始腻了  太撑了。,30,1.54991E+12
169087781,苼卿,可以的，喜欢，有点难找，不错呦,30,1.55048E+12
169087781,匿名用户,味道一般般吧，比较淡，对我来说甜度不够……环境还可以吧，就是店面比较小，等了快两个小时才吃上，我们也是闲的太有耐心了……但是大冬天的，居然给我们上冷奶茶，无语了……勺子和锅不太配套，舀起奶茶来太困难……,30,1.54635E+12
169087781,Tae773981561,我是奔着奶茶火锅去的！到店后说已经没有锅了，点了两份奶盖茶，可能不太适合我的口味，奶盖很好喝，但是跟茶混在一起竟然喝出咸咸的味道，店里给人感觉还行吧，墙上全是问题。应该生意是不错的～,30,1.54639E+12
169087781,马马马俊萍.,可以的味道 环境都好的 性价比高 位置也很好找到 赞,30,1.54961E+12
169087781,匿名用户,一般般，喝完之后补了十块的差价，分量倒是挺足,20,1.54963E+12
169087781,杨独秀秀,分量足 但是有点不好乘出来勺都放不进去 只能几个人用吸管一起喝,30,1.54908E+12
169087781,xvN625384947,环境不错，奶茶比较淡，分量足，适合拍照，网红店,20,1.54858E+12
169087781,女皇jdjdjsnxhs,配料怎么跟美团写的不一样，而且奶茶太少了，四个人每人只有半杯多一小点,10,1.54469E+12
169087781,yl18787440449,蓝天白云把嘴巴都染蓝色了。抹茶的也是，喝了之后舌头绿绿的,10,1.54762E+12
169087781,一个MXX,第一锅没洗干净第二杯子有一大股烟味然后怕是只有一个锅去到了说没有锅然后就看到一桌在喝然后等了4-5个小时才有刚好那桌人走了反正就是体验很差,10,1.54598E+12
169087781,leehomcsw,谁肯为肌肤降温觉得得文件服务网戒掉我们的家,30,1.54772E+12
169087781,yl18787440449,染色的吧。抹茶把嘴巴都吃绿了，还发苦,10,1.54762E+12
169087781,RenMiao_,料很廉价的感觉，非常一般，网红而已，噱头，不推荐,20,1.54445E+12
169087781,我是阿玲儿,奶茶不错，料也多。推荐两个人一起去呀，或者三个，不然有点浪费。,30,1.54432E+12
169087781,Xet739298618,不好喝…水果茶加奶盖真的不喜欢,30,1.54596E+12
169087781,zOb484539182,不一样的噱头，就是一杯奶茶而已。,20,1.54575E+12
169087781,狗狗家妈,味道不错，料也多，就是店小了些,30,1.54548E+12
169087781,Snn165203101,火锅的造型还可以，就是喝多了有点腻，两个人喝。本来以为是热的，结果是冷的。,30,1.54493E+12
169087781,bn蒲公英,还行，环境不错，味道还行吧，没有想象中那么好喝，但是也不是很差。,30,1.54496E+12
169087781,傻牛奶糖,一般般吧，就是好奇心去的，奶茶味道还行,30,1.54443E+12
169087781,吃塞包喝甜茶,味道一般，等的时间长，态度一般,10,1.54487E+12
169087781,xgj235787636,新奇好玩，奶茶也好喝，环境独特,30,1.54149E+12
169087781,匿名用户,服务还有可以 位子太小了 味道还可以 分量太小,20,1.54199E+12
169087781,匿名用户,味道很不错，奶茶也很好看…………,30,1.53665E+12
169087781,xiaoxiaojiji0,对于小朋友，年轻的孩子，都是很喜欢的。对于我这个岁数的，希望加强店内通风，提高空气。还会再去，弟弟非常喜欢。,30,1.53862E+12
169087781,初夏820,味道没第一次浓了，不知道是不是偶尔的失误,30,1.53939E+12
169087781,Bol912887386,味道感觉一般般吧，主要就是为了问问题来的，关键没看答案就被我喝了��,20,1.53743E+12
169087781,宝宝6475,一般般，慕名而去，店太小，等待时间太长,20,1.53772E+12
169087781,笔墨挥洒丶尽流年,很一般的口感，没有网上看的那么好喝,30,1.53745E+12
169087781,要吃肉肉的瑶菇凉,不太喜欢，用的是果泥，不是新鲜水果,30,1.53725E+12
169087781,匿名用户,环境，味道，颜色各方面都还是很不错滴,30,1.53665E+12
169087781,匿名用户,去到店里坐下等奶茶 桌子都是脏的。没人管。最后自己拿纸擦。旁边坐着服务员在玩手机,20,1.5344E+12
169087781,xtun91,网红点打卡，不过我觉得味道一般,20,1.53389E+12
169087781,受宠小妖,在美团上买的，因为天气比较凉，所以美团上的订单只有不加冰，建议多推一些热饮吧，味道比隔壁家的好些，还是很好喝的，店铺比较难找一点，建议做一个像之佳那样的牌子。,30,1.52748E+12
169087781,Gea486432488,挺有创意的店，虽然用的美团，店员的服务态度挺好,30,1.53355E+12
177911882,lh774713520,地点很好找，离我上班地只有几百米，走路不到10分钟就到了，在威远街，但不在正街上，铺面装修还挺不错，可以坐在店时喝，美女服务也挺不错，但味道不是我喜欢的，感觉就象在喝一杯纯粹的茶，基本没有奶味，但这个价格也是不能再实惠了,30,1.55177E+12
177911882,盆盆酱,地方藏在小巷子里，人还不少，老板很热情。,30,1.55522E+12
177911882,Leon863,美团活动价格实惠，点的是纯茶，不是奶茶，悠悠的茶香，微甜，味道还可以。,30,1.55261E+12
177911882,匿名用户,这是脏脏茶吗？和我喝过的脏脏茶都不一样，我觉得比鹿角巷差很多，奶茶里有很多粉末，真是浪费心情，买一次之后不会有第二次，喝一口垃圾桶见!,10,1.5467E+12
177911882,匿名用户,和其他品牌相比，差距明显，没有答案,10,1.54668E+12
177911882,ytZ377749691,一杯茶加上白糖，名字倒是优雅得很,10,1.54504E+12
179071814,小鱼鱼u,从来没有看到过一边在吃东西一边在给客人做奶茶的店  我表示很吃惊�,10,1.53251E+12
175269607,lh774713520,味道很好，服务热情，满意的一次团购,30,1.54095E+12
175269607,糖果湘儿,味道太淡了。水多料少的感觉。到是便宜,30,1.53976E+12
175269607,nm22593802,味道还可以，比较大众，不是很有特色,30,1.53795E+12
175269607,子卜儿,茉莉小可爱～味道清淡～但有一股淡淡的奶香～和爆爆珠搭配刚刚好，不然就会感觉味道太浓反而影响口感～就看个人喜欢了如果喜欢淡一点那这是一个选择～,30,1.53262E+12
175269607,猫妞～,不好喝，服务好。可以画肖像， 有噱头而已。,20,1.53234E+12
179263487,ivymwt,价格超实惠！！问得问题回答的也算不错,30,1.5547E+12
179263487,ceo007060,味道一般，有点酸，水果感觉不是很新鲜,20,1.55238E+12
179263487,匿名用户,完全就是一家山寨的答案。买了之后仔细观察它的杯子才发现猫腻,10,1.55074E+12
179263487,gjm735318345,珍珠面的一点嚼劲也没有，服务态度有点敷衍，幸好没有全价去买划不着,20,1.5402E+12
179263487,iss449789587,挺好的，美团很便宜，网红奶茶跟个风,30,1.53876E+12
179263487,iss449789587,网红奶茶，初次体验，感觉还不赖,30,1.53876E+12
179263487,思捷73,一般吧！没我想的好！老板不喜欢美团顾客！,20,1.53821E+12
179263487,啦啦啦哇噻,奶盖，味道不错，茉莉的比较清新，小店有点小但是挺有趣的,30,1.53413E+12
179263487,sWv818173549,糖精太多，老板态度太差，价格高数量少,10,1.53379E+12
185185805,米花与十八,讓我成為你的有可能  一杯便知答案  抹茶奶蓋good,30,1.55057E+12
185185805,匿名用户,奶茶味道太淡了，算是这个商圈内味道最差的店，买的优乐美都比这个好喝,20,1.54893E+12
185185805,匿名用户,说实话，我觉得跟我们的口味对不上！感觉还没自己泡的好喝。实话实说，不是黑粉，但是有待提高！,30,1.54832E+12
185185805,匿名用户,味道一般，听到是团的服务冷漠。。。。。,30,1.55056E+12
185185805,慧儿at哥,还不错，就是小杯也太小了。位置好找,30,1.54713E+12
185185805,匿名用户,【口味】 【环境】 【服务】 【服务】 【等位】,30,1.54728E+12
185185805,匿名用户,奶茶味道有点淡了。其他还好。。。。。。。,20,1.54555E+12
169258281,匿名用户,不错，挺好的，团的便宜…………,30,1.55522E+12
169258281,Belle951,老板很热情，就是没有坐的地方，想歇歇脚啊！味道中等，还有提升空间！,30,1.55289E+12
169258281,薇语雁双飞,味道不错，性价比高，可以尝尝。,30,1.55223E+12
169258281,匿名用户,不错哈，棒棒哒��..........,30,1.55196E+12
169258281,WVB551091883,不错，服务挺好的，顺便过来的，在皇后大道门口,30,1.55023E+12
169258281,匿名用户,还可以。 【环境】 【口味】 【服务】 【等位】,30,1.55065E+12
169258281,WVB551091883,比较实惠，服务挺好的，路过顺便过来的,30,1.55023E+12
169258281,匿名用户,还不错，只是没有选到自己喜欢的口味，,30,1.55023E+12
169258281,Dlact,没那么好喝啊  味道淡淡的。。。。,30,1.55013E+12
169258281,呵哈呵呵哈呵哈呵,挺好喝的，服务态度也好，挺喜欢的。希望可以多出一些在美团上团的,30,1.54744E+12
169258281,VPs734794945,不是太好喝，第一次喝你家东西，也是最后一次,20,1.54782E+12
169258281,miss123snow,一般一般很一般！真的不觉得有多好！,20,1.54667E+12
169258281,曾令娟19861127,奶霜不是很好吃，底下的茶还好点,20,1.5459E+12
169258281,脸蛋儿很飘逸,味道挺好，推荐大家都买，挺好喝的,30,1.54599E+12
169258281,摆文军,不错 味道很好 下次还会再来一次机会吗、,30,1.54055E+12
169258281,匿名用户,小哥哥态度挺好的，但是味道确实难喝,10,1.5388E+12
169258281,你说我不乖,说实话真心不好喝，有股腥味，对网红大失所望，给不错是因为老板给加了珍珠,30,1.53778E+12
169258281,匿名用户,一般…………………………………,10,1.55351E+12
178026170,乖乖跳跳糖,【乖乖小食光�】这是喝的第三家答案茶了，这家位于东部瑞德摩尔爱琴海的对面，店面不是很大，内部装修的也很简单。团购的清新乌龙奶盖，杯子蛮小的，只有平时奶茶店被子的一半大，奶茶的味道一般，奶盖还好，店员也没有让写问题，也没有感受到答案茶的魅力。,30,1.53952E+12
178026170,匿名用户,拿回家才发现不给做错了种类，盖子改成这样了，无语。,10,1.54459E+12
178026170,NgoKt_T,不好 说好的答案 就一杯红茶 奶盖也没有 还说下次来给 这样也不会来第二次了,10,1.54547E+12
178026170,寄雨情飞,就一个人等了好长时间，……………���������������,20,1.54582E+12
178026170,豆豆龙DMJ,有位置可以坐，静静坐一会感觉不错~,30,1.5413E+12
178026170,匿名用户,味道一言难尽，茉莉花茶有一股酸味儿……估计是放的时间久了…还有，就是因为我们是美团上订的所以就没有答案吗？为啥？怕是个假的答案吧，如果美团上订嫌我们没钱消费低了，那你弄个美团干什么？？？真的很无语，服务态度也冷冰冰的…,10,1.53767E+12
178026170,EXT208038725,味道还行 性价比很高 下次还来哈！,20,1.53407E+12
175271863,pdP604772671,写答案的机器坏了，无语，就是冲着占卜去的,20,1.54687E+12
175271863,心里的小心思520,气泡水还可以   巧克力的那个各人感觉很一般,20,1.539E+12
175271863,ArB954426980,位置挺好，就是张掖路头上，但味道就一般般啦，而且…翻来覆去好久，也没看到藏着答案的地方,20,1.53642E+12
179629891,aUm982721610,����������������,30,1.55158E+12
179629891,跌宕18,服务态度很好但是茶和想象中的不太一样诶，就是冲的茶包觉得还以为有水果呢,30,1.53639E+12
179629891,XpW767713255,有趣，但味道一般吧。但是很喜欢那个小店,20,1.53862E+12
177923468,maR466038966,嗯，还行，便宜挺好的，说要求说我们这的,30,1.5473E+12
177923468,匿名用户,很好。再次还来。。。。。。。。,30,1.53771E+12
177923468,xlT182524573,口味好，店面卫生干净。服务周到，中中,10,1.53331E+12
177923468,OxR557199503,但求是,10,1.53271E+12
177923468,lilulu2015,真的很一般般，跟二七万达的比差远了，不会再光顾,30,1.53102E+12
177923468,匿名用户,一般 【口味】 【服务】 【服务】 【等位】 【等位】 【等位】 【服务】,20,1.54893E+12
185392924,ddn201846578,就那样吧，噱头大，其实没什么，,30,1.55538E+12
185392924,童栗,我是美团的，七八块吧。实体店得十几，感觉一杯茶确实不直，美团有优惠,30,1.55315E+12
185392924,匿名用户,答案茶没有答案，终于知道为啥没人去了！讲真不好喝，还不如一瓶康师傅好喝,10,1.55134E+12
185392924,匿名用户,金桔柠檬特别难喝，口感非常不好,20,1.5515E+12
185392924,zmy121996,珍珠难吃，奶茶偏苦，难喝，。。,10,1.55115E+12
185392924,王怡雪336,买的百香果，喝着感觉还不错哦！,30,1.551E+12
185392924,匿名用户,不好喝，一点都不值，500毫升，没有二七的好喝,10,1.55102E+12
185392924,svM309038589,不好喝， 【等位】 【服务】 【口味】 【环境】 【服务】,10,1.55109E+12
185392924,Sar308286765,还可以。位置不好找，美团便宜！！！！！！！！,30,1.55028E+12
185392924,匿名用户,还不错，服务挺好的，答案茶挺不错的,30,1.54826E+12
185392924,匿名用户,还不错，答案茶 挺优惠的，挺好的,30,1.54826E+12
185392924,PDZ812962715,不好喝，不值这个价，虽然小哥哥人很好，但还是要把茶做好啊,10,1.54762E+12
185392924,周304570776,店员一脸的不耐烦ヽ(‘⌒´メ)ノ,20,1.54822E+12
185392924,叶子18,还不错，很好喝，就是味道有点酸,30,1.54789E+12
185392924,wsj489371060,第二次喝了，奶盖味道很好，茶的味道也比较浓,30,1.5465E+12
185392924,李大飘.,【口味】可以 为什么没答案？ 【服务】挺到位,20,1.54668E+12
185392924,华胥梦666,味道一般吧，等了好久，做的好慢,30,1.54572E+12
185392924,丽妃大丽妃,太难喝了太难喝了太难喝了简直了,10,1.5453E+12
185392924,小黑兔啦啦啦啦,味道还不错 人很多 排很久队 可能是新开的店,30,1.54467E+12
185392924,xyw711112324,还行╮(￣▽￣)╭，味道有点怪，喝不惯,30,1.54487E+12
185392924,匿名用户,柠檬金桔好多的橘子籽，口味一般吧,20,1.54377E+12
185392924,Luv_Juicy,杯口太大 不好拿 晚上天气冷 喝不完要小心捧着 �不好 其他都还可以,30,1.54315E+12
185392924,匿名用户,其实准确的说应该是一杯加了一点点糖的白开水，，，很少差评，，这个一定送给你,10,1.54314E+12
185392924,NOT343836275,非常差劲，要的茶是热的，给的是凉的！！,10,1.54351E+12
185392924,匿名用户,味道非常非常一般，，，很不好喝，，，以后不会再喝答案茶,10,1.54314E+12
168925638,匿名用户,真的是一般般 就那样吧 不会回购了,20,1.55454E+12
168925638,哇哦WSY,好喝吧，这家店的服务员小姐姐超级好看啊，卖茶叶还行,30,1.55026E+12
168925638,ZWQW20,味道还可以吧 可以写问题 有答案 挺好玩的,30,1.5523E+12
168925638,匿名用户,味道一般，性价比不高，过年人好多,20,1.55127E+12
168925638,ping721520,还不错 美团是挺划算的 希望多上几款,30,1.55042E+12
168925638,Xte112230124,很一般，奶盖特别少还是稀释过的,20,1.54995E+12
168925638,fengjing529,口感一般，没喝出来有养乐多的味道！,20,1.54981E+12
168925638,叶子258258,还行吧，还可以吧，一般般吧，不贵,30,1.54924E+12
168925638,凯茜嘻嘻,味道还不错，就是这答案……是认真的吗,30,1.54901E+12
168925638,匿名用户,好奇答案怎么来的，反正我不相信答案。味道可以,30,1.54796E+12
168925638,王小二小二王,周六的下午，团了一杯，竟然说没有奶盖了！！！这可是周末，呵呵哒。没有奶盖～！！,20,1.54674E+12
168925638,L1yant0n9,看名字以为有奶的，结果是一股茶味，没有一点奶，有点尴尬，不过百香果的味道还是挺浓的,30,1.54306E+12
168925638,loach926,超低价，味道还不错，却是乳味不太明显，总体很值,30,1.54424E+12
168925638,水莲山,还行吧，用吸管喝的感觉有点苦。。。。。,30,1.54375E+12
168925638,mpr120367774,好喝里面的火龙果加冰喝着挺细腻的易烊千玺也很帅,30,1.54183E+12
168925638,不再年少轻狂282,优秀，不虚此行，不错�����,30,1.54096E+12
168925638,骄阳Destiny,还可以吧，主要是好玩，奶盖好喝。,30,1.54314E+12
168925638,L1yant0n9,口杯上封了层纸很贴心 不会溢出来 奶茶味道感觉都没啥区别,30,1.54219E+12
168925638,匿名用户,想比更喜欢倾城花酿。。。。。。。,30,1.54279E+12
168925638,大江江,实在没啥特色，就是炒个热度，也没给问问题,20,1.54227E+12
168925638,BpA280045340,答案有点风牛马不相及。。。。。,30,1.54141E+12
169368250,小铭记在心,味道好 服务热情  价格贵 环境还行 体验不错！！！！！！！！！,30,1.55455E+12
169368250,匿名用户,还行，，，，，，，还行吧，。啦啦啦,30,1.55503E+12
169368250,G栗子Dragon,挺好喝的还，老板人很热情，店员也很有耐心，,30,1.5441E+12
169368250,yyyyyyxxy,味道还是可以的 喝的时候不建议拿吸管搅 会有很奇怪的味道,30,1.53986E+12
169368250,四世思事,还行吧，挺好玩的，但是味道一般,30,1.54272E+12
169368250,胡歌的美媳妇,还好，奶盖朋友说味道还好，人特别多,30,1.5413E+12
169368250,sarah_ngu,要的小可爱和经典的奶茶，不好喝，虽然是团购的很便宜，不过品质差了不止一点，和之前喝过的答案茶一点也不一样，淡而无味。,20,1.53836E+12
169368250,lulu253610619,在沈阳春天最里边一楼小店，周末去的，人很多，店里有几张桌子，几乎都是写问题用了，答案茶挺火的，也是为了去凑热闹，但是味道还不错哦，美团劵可以用，做的很快，收银的小哥哥态度很好，答案是机器给的，用机器拍个照片就出结果啦,30,1.53034E+12
169368250,匿名用户,答案太敷衍了啊你是不啊你是不啊你是不,30,1.53898E+12
169368250,EvW437543946,味道一般，不太喜欢很冷清服务态度很一般，问题也没有回答,20,1.53763E+12
169368250,一只帅萌哦,答案的奶茶单说味道绝对是最难喝的 就是个玩,20,1.53475E+12
169368250,康娜贼可爱,3d打印的噱头而已，难喝的一b，不如某些店6-10块钱的饮品，就是凑个热闹,10,1.53595E+12
169368250,QRG647838476,贼难喝 从来没喝过这么难喝的奶茶 还死贵,10,1.5362E+12
169368250,阿婷mmm,味道很一般的，也不是那么好喝，,20,1.53596E+12
169368250,HCA202554157,不太好喝，环境也不咋地。。。。。。。。,20,1.53588E+12
169368250,匿名用户,奶茶还可以，答案不是很满意，告诉***缘分�,30,1.53524E+12
169368250,秋秋秋秋秋hh,不好喝，差劲，上了抖音吹捧的，太难喝,20,1.53511E+12
169368250,十宛,我要的是青桔柠檬，还算可以吧，,20,1.53487E+12
169368250,sWX973440646,说真的奶茶味道不怎么样，不过还挺有新意的,30,1.53468E+12
169368250,匿名用户,第一次尝试，还不错，就是一般奶茶的味道,30,1.53284E+12
169368250,JQRZLWH,网红的形式不过味道就那样吧  咸奶盖 不习惯,20,1.53432E+12
169368250,匿名用户,不喜欢喝，好腻啊不会再喝了 【口味】,20,1.53448E+12
169368250,DCI189963113,奶盖不错，比较有创意，抖音看的就想去，就是做奶茶的短发人态度不好,30,1.53353E+12
169368250,DCI189963113,短发的营业员态度是真差。长头发的还可以,20,1.53352E+12
169368250,匿名用户,小店环境不多了，墙上全部都是留言，少女心。,30,1.53345E+12
169368250,雪。。z,不知道为什么写个问题还得加两块钱。 大连的答案茶买完团购什么问题也没有,20,1.53208E+12
169368250,可爱小葡萄！,不好喝,回答的答案也很敷衍,我的答案和闺蜜的一模一样
169368250,钱小样QWENROU,答案跟问题，驴唇不对马嘴的感觉……,30,1.53251E+12
169368250,匿名用户,不怎么好喝 奶盖太次，一次性消费不会回购，而且价格有点小贵,20,1.53068E+12
169368250,无忧–,为了尝试一下特地去的，排队的人不少，挺有情趣的，味道还不错,30,1.53235E+12
169368250,匿名用户,一般，除了可以写字很一般，网红产品不能太多尝试,20,1.53041E+12
169368250,WNm353887558,服务不错，但是我不得不给差评，因为真的挺难喝的，还卖那么贵，只因为给了个很勉强的答案,10,1.53118E+12
169368250,匿名用户,挺新颖的，但味道还凑合，图个新鲜,30,1.52932E+12
169368250,刘沐涵moon,一般般吧，就是抖音炒的，很一般奶茶差不多，环境不错，,30,1.53163E+12
169368250,猫喵喵me,服务态度很好，味道还挺好的，就是找了半天，就是答案都看不清楚了,30,1.5286E+12
169368250,_qqdnv1362932548,冲着网红店来的，还可以吧。周日来的人不算多,30,1.5299E+12
169368250,匿名用户,网红产品 所以去看看 新鲜 但不回去第二次了,30,1.53095E+12
169368250,娅希阿,味道一般 答案… 都有些答非所问吧… 唉……,30,1.52778E+12
169368250,夏末烟雨mjk,奶盖很香，但是味道是真的一般，有点苦,30,1.53086E+12
169368250,忘记怎样笑,团错了，想喝带字的那个，不过这个口味也不错。就是人多，弄得温度不太均匀，下面热的，上面凉的，不知道是不是本来就这样。,30,1.52912E+12
169368250,匿名用户,味道一般般 柜台有点脏 人很多 还可以吧,30,1.53069E+12
169368250,匿名用户,点的百香果奶盖，有点太甜了，答案的话就不要太当回事了,30,1.53016E+12
169368250,匿名用户,味道一般吧，看抖音来买的！！！,20,1.53076E+12
169368250,小昕昕0727,好像点的茉莉奶茶，味道还不错，没买奶盖来体验,30,1.53016E+12
169368250,岁月静好0327,第一次买，还没有想好问什么，思考良久，结果答案真是…,30,1.52673E+12
169368250,匿名用户,不好喝 为了拍抖音才找的店 味道一般般 不是很喜欢,20,1.52982E+12
175504783,欧阳稀珥,服务还好 但是味道真心一般 水水的 超级淡 有点糊弄的意思 真是没办法给好评 好在价钱不高 不吐槽啦 希望品质有所改进 越来越好,20,1.55041E+12
175504783,欧阳稀珥,团购的 蛮便宜 味道就那样啦 奶茶真的很淡 毕竟十块钱不贵 真的不建议尝试 就当小甜水喝了 草莓优格那个还好吧 果肉很少,20,1.54987E+12
175504783,低调的浅叹呀,到店里说拼团只给小杯的，可团购里明明是大杯，硬说团购大杯，拼团便宜就只有小杯，说老板定的，这不是欺骗么，奶茶也不好喝，珍珠味道怪怪的，整体差评，都不好，去的时候店里都没有顾客，这么做下去，有回头客才怪！,10,1.5409E+12
175504783,玛吉阿玛,pace豆介绍体测怄气麻辣变形计,30,1.54157E+12
175504783,糖果传奇666,很好，环境不错！还会再次光临！,30,1.53854E+12
175504783,Klx945774938,口味来说，每个答案茶都不一样！有必要每个都去尝试一下,30,1.53797E+12
175504783,扶桑花一,环境还不错，口味个人觉得一般。,30,1.53641E+12
175504783,一只小海驴,【等位】东西太甜，东西上的比较慢，不太满意,20,1.5361E+12
175504783,KTy856969471,不好喝呀，就是凑个热闹罢了，一般般,30,1.5332E+12
175504783,匿名用户,味道还可以吧  好大一杯  挺实惠的！！！,30,1.53283E+12
175504783,华华ai自己,还可以，性价比很高。值得尝试一下,30,1.53399E+12
175504783,mcx394914039,还算不错 中规中矩吧 哈哈  就是在书店里看书  找个位置坐坐  团购还是比较划算的,30,1.53328E+12
175504783,匿名用户,人多，等了45分钟才做好，本来拿到的时候很高兴，但是喝到底的时候喝出来一个剪下来的手指甲，太恶心了，去买饮品喝从来没出现过这种情，差评！！！,10,1.53157E+12
175504783,dpx463674792,买的是红玉答案奶茶，也不过就是为了给自己一个答案，奶霜特别好喝,30,1.53303E+12
175504783,匿名用户,感觉一般吧，不太符合我的口味。,30,1.53304E+12
175504783,二月半erhhh,还挺好喝的  主要是想玩一下这个答案,30,1.53275E+12
175504783,会生气的小小喵,不咋地就是一个网红奶茶 而且非常贵,20,1.53214E+12
170604437,匿名用户,据说就三个模版，无论问什么都是这几个答案。没劲,20,1.52775E+12
170604437,温柔的冰哥.,味道蛮不错的  还可以问你想问得问题挺好玩的,30,1.53127E+12
170604437,CcZ790138676,等半天居然没做我的醉了真的是��,10,1.52793E+12
175382931,匿名用户,又贵又难喝还没有奶盖又酸还没有味道都是冰,10,1.55583E+12
175382931,zbH116356238,一直对答案茶很好奇，觉得这个名字很特色，很想试试，刚好在这附近，就试一下这个乌龙奶盖，就是感觉特别粗糙，从桶里加入大半杯乌龙茶，然后就加一层奶盖就完成了，味道就一般吧，不愧是乌龙奶盖，乌龙茶味是真的浓，,20,1.55037E+12
175382931,匿名用户,【口味】 【环境】 【服务】 【等位】 【口味】 【环境】 【服务】 【等位】,30,1.55427E+12
175382931,jyj728944522,个人感觉不是很喜欢，味道一般般,20,1.55153E+12
175382931,yanlin0903,不错，还可以，一般，实惠，喝好几次了,30,1.55066E+12
175382931,匿名用户,可能是美团的原因吧，奶茶味道好淡，没有茶香没有奶味，珍珠熬太久了，好烂好粘牙，真是砸招牌啊，哈哈,20,1.54808E+12
175382931,富贵平安2222,不错和朋友一起来喝的。下次有空再光顾。,30,1.54824E+12
175382931,yQn528410629,实惠好喝就是中杯有点不够.下次试试别的,30,1.53984E+12
175382931,顾盼生笑,难喝且贵 对我这种不想问问题单纯喝茶的简直失望。价位赢不过coco 质量赢不过koi 特色赢不过厝内泰茶青沫茶颜  再见吧您嘞,20,1.53486E+12
175382931,匿名用户,还可以吧 就是有点偏甜 坐门口有点晒,30,1.5339E+12
175496229,pUn758532334,还可以奶茶挺好的，性价比高，下次再买,30,1.55342E+12
175496229,BUE382843269,服务还行，但是奶茶没味道。  。。,30,1.55435E+12
175496229,AAAndyyy,接着说 后来我又进来 等小姐姐半分钟后抬头看了我一眼 我再告诉她 还要一杯 她才慢悠悠扫了券 那就算了吧。 我看到里边装修还不错 于是去到里边看一看 各种ins风的拍照角落各种混搭 正准备在球球池里来一张�‍♀️ 就听到外面小姐姐大声叫到 美女！美团的美女！来拿你的东西！ 由于在球球池里行动不太方便 于是我先大声回答：来啦！马上！ 可是外面的小姐姐似乎听不到 继续大吼：来拿你的东西！ 行吧�‍♀️ 咖啡味很突兀 不太好喝 冰沙挂壁不好看 奶盖还不错 芝士味比较浓,30,1.53897E+12
175496229,AAAndyyy,第一步先评价一下服务员小姐姐的态度 确实不太好...先是第一杯验券的时候冷冷的 爱搭理我不搭理我的 我看做她心情不好吧...  在外面等了一会儿 想买第二杯 方便待会吃饭解辣 于是买了第二张券进来验 正好有另外两个客人 原价点的 于是我想着人家十多块一杯 听到我这个9.9不太好 于是向小姐姐说我再要一杯 小姐姐看了我一眼  就再没有人理我了�‍♀️,30,1.54697E+12
175496229,匿名用户,虚假交易！这个价格明明是大杯，到店里就说是中杯，真搞笑。,10,1.54002E+12
175496229,pCA955990064,emmmm还可以吧，推荐奶盖，乌云密布感觉不好喝,30,1.53882E+12
175496229,匿名用户,不好喝，感觉味道不怎么样，还不如去喝别的,20,1.5345E+12
175496229,张張樟,还好,30,1.53457E+12
169437557,匿名用户,还行吧，比较普通，感觉没有特别好喝,30,1.5472E+12
169437557,Hen876312014,奶茶一般 味道淡，不推荐这家店......,10,1.54381E+12
169437557,匿名用户,广济路上开了好多家奶茶店了 差不多都喝过了,30,1.53767E+12
169437557,QKp815622015,只有奶没喝到茶味，可能我点的不对，,30,1.53709E+12
184202780,匿名用户,小清新的装饰，空间还是蛮大的，服务挺好的会热的还是冷的，环境优雅很适合小情侣，品种也很多，地里位置很好找。,30,1.55433E+12
184202780,ywf850406,朋便宜但是不好喝，建议大家还是换其他的喝,20,1.55047E+12
184202780,ywf850406,便宜但是不好喝，建议大家还是不要贪便宜了,20,1.55047E+12
184202780,匿名用户,味道还可以吧，略甜，点啦三分做成五分还是蛮甜的，会有点小腻。珍珠很大颗很给力！环境挺好的，适合休息聊天娱乐。服务态度很好的，就是只有一个人做比较慢吧，需要等十多分钟。 综合来说，比较普通吧，应该不会再回购了。,30,1.54132E+12
184202780,aEl625514740,还不错，环境也好，口味有点甜，好好好好好好好好好好,30,1.54633E+12
184202780,偏爱流星,抢购的1元很划算，口味还可以，毕竟便宜,30,1.54537E+12
184202780,匿名用户,店内环境不错，服务态度很好，做之前会询问一下要哪样，热的还是温的，甜度如何，可惜奶茶的珍珠不好，破坏了整杯奶茶。,30,1.5434E+12
184202780,Gcy295527502,【口味】太甜了，下次再说吧！要不要再买,30,1.5451E+12
184202780,MWI578283281,地段稍微有点偏，味道一般过得去,30,1.54486E+12
184202780,lFB252593287,很差，比水还难喝，一点点奶茶全是水,10,1.5434E+12
184202780,GyPsy155852885,一块五的答案太划算了，可惜每人只有一次,30,1.54236E+12
184202780,陌梓逸。,奶茶一般般，不是很喜欢喝，淡淡的。,20,1.54108E+12
184202780,pun808832646,超级难喝，喝了一口就扔了……不信的可以去喝喝看！,10,1.54117E+12
184202780,朱海超V,还可以，美团的，1.5很便宜，当然饮料味道欠缺一点，太甜了,30,1.5403E+12
184202780,匿名用户,不太好吃，还是别家的味道好，只光顾一次,10,1.54087E+12
174878071,sakura夏目,感觉口味有点清淡，有点涩口，有点差距。,30,1.54874E+12
171134155,旅途有雨,美团上买的人都不愿意做，推三阻四的,10,1.54989E+12
171134155,sunny寜,美团有优惠的话，价格还可以，没有的话可能就贵了。答案茶很有新意，其他的话感觉也一般吧，口味一般,30,1.52828E+12
171134155,匿名用户,新开的店比较干净啊，网红茶，图个新鲜，口味也还可以。,30,1.52828E+12
180543028,匿名用户,都是朋友推荐过去的�ོ因为还处于哺乳期，不太敢喝奶茶类的饮品。但是盆友说超级好喝，就抓紧去体验了一把！果然没叫我失望，店里的装修风格很别具一格，还有满满的许愿墙，看得出来卖家可是花了不少心思的呢！点了草莓味  可可味    红豆 三种口味的，包装也很用心，杯子质量也很好。比我之前喝过的奶茶都棒，口感非常不错～下次还会再来哒……㊗商家生意兴隆，财源广进哈～,30,1.53866E+12
180543028,OVE477873436,用了一下美团，老板娘的脸看着跟我欠她钱似的，做好的奶茶往台子上一摔就不想理我了，哈哈哈哈，差评！差评！差评！大家以后都别去消费了，惹不起啊！,10,1.54238E+12
180543028,匿名用户,很好，味道不错哈哈哈哈哈哈哈哈哈,30,1.54468E+12
180543028,匿名用户,还好吧，只有半杯不知道是什么情况,30,1.54277E+12
179700799,oWZ685642784,味道一般，太甜了不是很喜欢唉:-(,20,1.55436E+12
177641225,小阿佳Wa,今天路过西市场就准备把这个答案茶的券用了  奶茶踩雷了 我点的那个艳遇黑莓洛神奶盖真的是踩雷了  虽然我喜欢酸的但是温热状态下感觉太酸了 奶盖有点少比普通在店里买的少一些 毕竟便宜嘛  我对象卖的桃香乌龙奶盖真的强推  喝着甜甜的还有股清香的味道加上奶盖特别好喝 总体性价比高 阿姨人也很好 #桃香乌龙奶盖#,30,1.55137E+12
177641225,mst13953167104,和宽厚里的店不一样，口味一般般,10,1.55266E+12
185914954,yuanxiaorongro,还不错，去过两次了，老板人挺好的，以后继续光顾,30,1.55091E+12
185914954,超可爱熊熊,团购的非常一般！团购的非常一般！,10,1.55091E+12
185914954,tjc291138130,选择的蓝莓奶昔，喝了一口在嘴里的感觉还好，咽下去的时候就感觉被齁了一下，以为是我的问题可是喝了好几口每一次都是这样，喝过很多家的奶昔了，第一次这样，希望以后有待加强吧。,20,1.54781E+12
185914954,匿名用户,味道超级差，兑水兑多了吧，啥味道没有，唉还那么贵，奶盖做到这个地步也是可以了，再也不会来了,10,1.54312E+12
177522861,ForeverLovepig,味道还可以吧，没有想象的那么好喝价格还有些贵，分不清哪个答案是哪个答案,30,1.54736E+12
177522861,匿名用户,奶盖好喝 金桔柠檬感觉像香精兑的,30,1.53917E+12
177522861,DFB936301848,服务员面无表情，让人一点都没心情多说一句话，也没心情喝了,30,1.53379E+12
177522861,孟jojo,服务员服务太差劲�！！！,10,1.53321E+12
174911083,TPR535298713,完全是色素制作而成，差差差差差,10,1.53388E+12
175498941,珍小惜915,整体一般，答案茶，最近涌出来很多很多，之前看到囤了券，价格是挺便宜，有空去灭券，整体感觉一般，要的益君多，并没有看到益君多，应该是什么勾兑的吧，口味很甜，几片柠檬片，整体就是这样，感觉不太健康，三星点评,30,1.53425E+12
169288513,南风jxn,还可以吧 饮料一般 跟个风吧 服务挺好的,20,1.5332E+12
169288513,花染凉意456,味道比较一般，应该都是冲着答案茶的噱头来的，口味太甜了，感觉性价比一般吧，就是图个新鲜。,30,1.52829E+12
169288513,xAk940938223,有点贵，人还多，大概是因为网红吧~,30,1.53112E+12
169288513,xueren52795,只放了一小点柚子，太不划算了。勾兑。噱头,20,1.53087E+12
169288513,panpan521o,就是个答案茶，喝起来一般！！！！！！！！！！！！！！,20,1.53085E+12
169288513,匿名用户,怪不得评分这么低 态度真滴很差 点单的脸真的很臭 做饮料的收问题的也很冷漠 答案也很扯,20,1.52959E+12
169288513,匿名用户,带字的贵，并不是很好喝，很抖音去的，还可以吧,20,1.52811E+12
169288513,匿名用户,很一般的奶茶，就是跟风去喝的，答案不是很惊喜,20,1.52811E+12
169288513,狗子家的小仙女x,一般般，也就一个名气，价格还还一般，不如阿水性价比高,20,1.52922E+12
169288513,ctv215626124,也没告知茶只能做冷的 也没说写完给他杯垫才能做茶 因为人多打算晚会写问题 结果没有答案 要求之后印了图案 我想要答案�️,20,1.52691E+12
169288513,匿名用户,网红茶，，，说实话口味真的一般,30,1.52853E+12
169288513,buv283317818,还不错吧！我想说是的你在身边时要做好皮肤保护好我们,30,1.52792E+12
169288513,gj178361,甜甜的还不错，还是很香香的，就是答案给我的不对,30,1.5269E+12
169288513,Fik540647288,态度有问题，不热情，一直告诉我们等会点等会点，开业第一天以为有活动结果也没有，还有特别慢，没有冰了�也不好喝,30,1.52473E+12
169288513,北园吃货,感觉口感不太好，一般般吧,20,1.52481E+12
169302643,hYL647513874,这个答案茶是连锁的嘛，美团上看的是什么什么网红店呀，为啥去了光看包装就low的不行，上面封盖的竟然用的熊大熊二的图案，两块钱豆浆既视感，难看就罢了，还难喝，炒鸡甜，真的，我弟不挑食的都觉得难喝了，大概是连锁的价格，偏贵，两杯美团买了个减五元的代金券还二十多，你做的好喝也行呀，，照片没拍，因为不值得,10,1.53417E+12
169302643,Arld168,答案打不出来啊！！↜(ψ•̀ ˇ•́ )✁,20,1.54143E+12
169302643,匿名用户,现在的饮品还有现用色素分子勾兑的吗？让我想起了N年前2元一杯的QQ奶茶，所以你们觉得这品牌如何？,20,1.53136E+12
175348718,匿名用户,还行。有点迷。。不算难喝。。。。。。。,30,1.55462E+12
175348718,QCG634158316,味道不错，就是没喝出气泡水的感觉,30,1.54633E+12
175348718,沐紫雪1978,味道一般，没有惊艳之处。对不起这么高的价格,20,1.54285E+12
175348718,sheilahae,一般吧，凑个网红的热闹，感觉不太值，但是还算是到平均分吧,20,1.54229E+12
175348718,月定公主,百香果的太难喝了，给的答案也不满意,20,1.5413E+12
175348718,魔狮迪露,特别难喝，制作过程非常不专业，饮料是果酱和水兑的，水是直接从水笼头接的。总之再不会去了。,10,1.53595E+12
175348718,魔狮迪露,什么破玩意，饮料就是果酱兑的水，水直接从水管接的，太坑了,10,1.53595E+12
175479810,梦想成真之有梦,姐姐很热情，服务很好，这个分也是给老板的，但是口味真心一般，奶茶和新品就是粉兑出来的，和茶水还有牛奶不搭边，看着操作的就是盒子里那个粉粉，一份价格一分货吧，团购的便宜，喝了好多家答案茶，这个真心口味一般,20,1.53088E+12
175479810,fIC294659418,还可以那个门口的阿姨挺热情的喝的还可以不难喝,30,1.53587E+12
174893243,匿名用户,一杯我也没知道答案，草！ 【口味】 【服务】 【环境】 【等位】 【口味】,10,1.55323E+12
174893243,IrM393342713,超难喝,10,1.53881E+12
174893243,qaz12332100,难喝，一股香精味，奶盖也没奶味，第一次差评，真的难喝,10,1.53406E+12
177743406,旧夏天卍,他那个答案是中英文  不是跟抖音上似的图案表情包,30,1.54987E+12
175266967,匿名用户,。。。。就那样，不浓郁，不推荐。。。,20,1.55539E+12
175266967,匿名用户,味道不咋地一般般吧不推荐，下次不会再来,20,1.54443E+12
175266967,柳遥舟舟舟,还好吧…感觉味道很淡。菜单也换了。并不是美团上的口味。,30,1.53276E+12
175266967,TZI361386278,个人感觉芝士奶茶不好喝太咸了 出门喝了一口就扔了,10,1.53045E+12
175317684,匿名用户,粉泡的，真难喝！答案什么的一个字都没有……,10,1.55447E+12
175317684,波波_北纬三十,一直觉得这家奶茶味道不错，但是发现现在的服务态度太差，吸管一扔，说句自己拿，，无语了，,10,1.55334E+12
175317684,vWK697862571,也就这样了一般般，平平凡凡……,20,1.55281E+12
175317684,大长腿张,和我一样都会喜欢�！你是怎么回事！你说你要我不去你家吃饭的时间没有人给你们看的是不是在这里我会给你们打电话给我一句你就可以吗、不会因为我知道自己会怎样、不要把你说出来就可以啦！你在干嘛的呀！你们是谁了,20,1.54571E+12
175317684,一M咴,超级难喝  不会再去了这的是颠覆了我对答案的映像,10,1.54753E+12
175317684,月光宝盒008,还可以，半糖的，不是很甜，不腻。,30,1.54676E+12
175317684,简单12050625,还可以啊，买了好几次啦，柚子茶不错,30,1.54463E+12
175317684,气味冰糖,味道一般般，没什么特色，没多大吸引力,20,1.54183E+12
175317684,honghualong0307,珍珠很硬，奶茶味道一般，服务态度极差，奶茶做好直接放那里就去聊天了，居然不问打包还是直接喝，让她打包还很不乐意噶！就这服务态度，绝不去第二次！,10,1.53944E+12
175317684,水货姐姐,感觉没以前好喝了，是不是不用心做了,20,1.54134E+12
175317684,CIQ37048986,还可以，比影秀城APP便宜，适合小孩喝,30,1.53944E+12
175317684,简单12050625,服务可以，味道差不多，地段三楼平台还方便,30,1.53919E+12
175317684,Z、柠檬不萌、,还可以吧  我比较喜欢喝黑糖牛乳但是还便宜多少,30,1.5389E+12
175317684,低调的帥帥,难喝，没有一点味道！就颜色好看点！,20,1.53874E+12
175317684,简单12050625,美团还限购次数这是不要做生意的节奏么,30,1.53824E+12
175317684,简单12050625,就这样吧，差不多，其他都可以，就是珍珠有点硬不是特别好吃，果茶味道可以的,30,1.53714E+12
175317684,简单12050625,可以的，买了好多次的果茶，特别是柚子茶,30,1.53714E+12
175317684,简单12050625,限制5杯杯每人的话不太好，买完就不去了嘛,30,1.53714E+12
175317684,领悟2000,口感感觉一般般 可能现在各种饮品店太多 各种牌子也太多的关系 喝了无数种 现在嘴巴养叼了 现在的网红牌子都感觉一般般 没有那种特别的感觉。,30,1.5334E+12
175317684,简单12050625,就是珍珠不够软里面还有点硬还有点甜，牛乳味还不错,30,1.53567E+12
175317684,简单12050625,茶不错哦清火，柚子味道清爽，比较健康,30,1.53567E+12
175317684,我是陈半仙儿,店员热情度一般，速度有待提高，网红打卡,30,1.53198E+12
175317684,匿名用户,奶的味道有点点怪，感觉掺水了，粉圆还可以，,20,1.53511E+12
175317684,_qqmv71433037065,没有想象中的那么好喝，也就那样吧,20,1.53502E+12
175317684,XFa727108987,黑糖珍珠奶茶越来越难喝了.......,20,1.53442E+12
175317684,匿名用户,第一次去喝，味道还可以哦。没有失望,30,1.53286E+12
175317684,Xdf195920935,还行，挺好喝的，味适中也不会太甜,30,1.53105E+12
175317684,水货姐姐,还不错吧，不用每天的话太贵。。,30,1.53226E+12
175317684,戴小妞妞,我可以说很难喝嘛…买了两杯，都只喝了一口，哎失望,10,1.53073E+12
171458095,清风永恒,味道不错，服务热情！！环境好！！！,30,1.54935E+12
171458095,Xie477535753,我记得我买的是20块的，结果店里没有20块的饮料。服了,30,1.54243E+12
171458095,匿名用户,个人感觉很一般。 因人而异吧。 喜欢就好,30,1.53908E+12
171458095,毐葯poison,【口味】樱花的我感觉先搅拌，把上面的奶盖全部融入下面的茶里面，味道还是不错的，单独上面奶盖跟下面茶，个人觉得不好喝！ 【服务】让服务员给我一盒吸管都不给我。每次都是我自己要的，第一次是芒果冰冰乐，要吸管的也没有给我，我要了才给我，第二次是樱花茶也不给我，我要了告诉我，有奶盖喝比较好，建议我收了，可是我喜欢搅拌的，给我个吸管怎么了～,20,1.52859E+12
171458095,wo15867859081,还行，将就，还可以吧，人挺多的，蟹蟹,30,1.53664E+12
171458095,末日包子,还行，味道还可以。奶盖很好喝的。。。。。,30,1.5345E+12
171458095,匿名用户,口感还不错就是价格有几个还是有点高的希望能多做活动,30,1.53019E+12
171458095,匿名用户,这个只是个噱头吧，喝过的奶盖最差了没有之一。,10,1.52863E+12
171458095,月亮森林,益菌多全是冰块，放太多了，饮料剩下没多少了,10,1.5283E+12
171458095,Xml604588888,不好喝 而且有个小姐姐全程冷漠脸……,10,1.52791E+12
177448977,LcQ15336600023,蜂蜜柚子茶 不是太好喝。没喝出蜂蜜味儿 就这样吧,30,1.53995E+12
177448977,ypplover,看美团推荐才点的海洋之心，纯属外观好看，味道真心一般，就是矿泉水里加了点色素,20,1.53622E+12
177448977,你智障吗！,终于喝到网红奶茶啦啦啦想喝的黑糖牛乳没有了就点了杯海洋之心颜值挺高的。�,20,1.5356E+12
177448977,阿竹女神闪闪亮i,上面的奶盖有点太甜了，下面的应该是冰沙吧，还挺好喝的，这个券只能用在一杯上，不能拼着用，感觉很不人性，只能用在超过20块以上的。感觉他俩果茶比较好喝。,30,1.53111E+12
177448977,Cza249989942,味道赞，干净卫生，性价比高，小姐姐好看,30,1.53473E+12
177448977,匿名用户,还不错！挺好的，可以尝试下！！,30,1.53511E+12
177448977,tvD230660981,以为西柚有点苦，但是还不错。味道也ok,30,1.53422E+12
177448977,TseTseNic560,很烂，不推荐，就像小时候吃的旺旺碎冰冰的味道,10,1.53327E+12
177448977,JWn32979078,说实话，就是看着好看，味道真不咋滴,20,1.53296E+12
177448977,匿名用户,比起这个网红的名气 东西味道不怎么合我口味,30,1.53164E+12
177448977,rainboow942,没有宣传的那么好，答题的答案也不好,30,1.53165E+12
179084406,YDZ968265036,网红奶茶，体验一把，感觉还是不错的,30,1.53423E+12
179084406,海江万里291,不        想        写 什 么     评 价      美团真他 妈        的 烦  怎么还没到十五个字,30,1.53226E+12
180569013,m77lh7,主要是可以占卜嘛  味道其实中规中矩吧  差不多,30,1.54357E+12
180569013,m77lh7,还可以咯  寒天奶茶不错的���,30,1.54357E+12
180569013,匿名用户,还可以，就是我不怎么爱喝红茶，味道还行吧 #红玉茗茶霜降#,30,1.53877E+12
175476936,nanquanxiaohai,买了好几回了，能便宜几块钱也好，每次必喝花心西瓜,30,1.53694E+12
175476936,nanquanxiaohai,点了那个西瓜奶盖，西瓜不怎么样所以西瓜汁有点淡,30,1.53646E+12
175476936,nQJ881696039,蛮好喝的，颜色也很好看，刚开业还蛮划算的,30,1.52923E+12
175476936,匿名用户,还不错，挺好喝的，用了美团便宜好多……,30,1.52939E+12
169181633,匿名用户,感觉一般般，便宜才去买的，量还是很足的,30,1.55574E+12
169181633,小潘8702,还行吧 就是这个设计感好 想看一下给你的答案 味道一般,30,1.55335E+12
169181633,匿名用户,明州里店环境不错，不过口感觉得一般啦,30,1.55007E+12
169181633,懵懵菠萝小姐姐,网红茶说实在不怎么样，都是被吵起来的，味道很一般,20,1.54339E+12
169181633,gwA728462593,味道还不错，挺有意思，买的抹茶芝士，是想要的口味,30,1.53622E+12
169181633,leaetzoe,看电影前， 一般都会找地方，买杯喝的。  这家答案茶， 开了没几天， 正好有团购， 就买了一张。  比较尴尬的是： 店里价格似乎比团购上面编辑的价， 要便宜三元。  ���  点一杯：  “买一座岛屿？” “接受一些改变。”  放一个：  “今年我会脱单吗?” “出！柜！”  答案… 有毒…  ���  翠玉茉莉奶盖/  今年好像有点流行茉莉， 喝起来很清爽。  我觉得奶盖的味道， 也还不错。  ——  主要就是一个科技感吧， 把问题扫描进去， 机器会自动识别， 然后，用粉在奶盖上面写下答案。  而且有一种阅后即“焚”的感觉， 看完拍个照，摇一摇就没有了。,30,1.52493E+12
169181633,w201220203,好腻啊，超甜超甜的，百香果味道也喝不出来,10,1.53503E+12
169181633,dmF198457392,第一次来喝这个，好奇心强买个试试……团购价格优惠，写出问题，等着答案！差不错10分钟左右我的好啦！答案让我做出改变，哈哈已经改变啦！希望心想事成！口味不错，奶盖味道特别，和乌龙茶混合后也不错，总体感觉不错�还会品尝其他口味的！,30,1.52562E+12
169181633,First的,饮品还是一般般的吧   唯一吸引人的就是可以问问题了,30,1.53305E+12
169181633,oOr81537033,味道一般般，服务态度不错，，，，，,20,1.53232E+12
169181633,maoooooobuyi,只是很好喝呀买了代金券刚开始的时候很便宜,30,1.5319E+12
169181633,紫炎姑娘,这也能叫奶盖？？！！完全颠覆三观啊，不知道是不是团购关系，奶盖加得特别特别少，大概就1厘米的厚度吧，这也就算了，买完最多10分钟，就变成这个样子了，味道也超级超级淡，特特意意去买的，太失望了，不会再有第二次了。,10,1.52638E+12
169181633,匿名用户,不好喝。。。一口就扔了。。。。。。,10,1.53209E+12
169181633,匿名用户,还不错，点了百香果的，特别喜欢百香果，好喝,30,1.53104E+12
169181633,匿名用户,挺好玩儿的就是 输入关键字生成答案,30,1.53094E+12
169181633,匿名用户,噱头十足，味道一般，倒是不贵…,30,1.53094E+12
169181633,匿名用户,奶盖一点味道都没有。环境很差，都是灰。收银和前台的地方工作人员还在吃饭，跟街边小吃店环境一样。服务员年纪有点大，还把我问题拿错了。差评,10,1.52661E+12
169181633,SZK416188651,答案就是个噱头，味道也一般，买过一次就好了,20,1.52983E+12
169181633,ffE969255771,没喝过这么难喝的饮品，看第三张图，就知道奶盖和饮料融化在一起，这还叫什么奶盖？柠檬水都比这好喝，,10,1.52533E+12
169181633,曾萌么,味道一般般吧，他的答案模棱两可。,30,1.52972E+12
169181633,CFh314706510,一般般，不好喝。。。满怀期待去的，老公点的红茶很绿，我还是喜欢一点点的,20,1.52559E+12
169181633,鄞州区小杨,说实话，不太好喝，奶盖没有别家好，只是冲网红茶去凑个热闹的,20,1.5272E+12
169181633,_qqtw41343999243,有点失望，并没有想象中的那么好。新开张店里感觉有点混乱，而且也不说清楚写了问题之后要怎么弄，很多人都不知道，最后只拿到一杯没写答案的茶。味道，其实很一般。唯一能让我给好评的点只是因为店员都还比较有耐心。,30,1.52517E+12
169181633,匿名用户,不好喝、网红茶质量不高啊！！！,20,1.52869E+12
169181633,MIS940858920,还可以，挺不错的。可以提问很有趣。,30,1.52542E+12
169181633,可惜没如果Ni,看抖音来的，口味也就一般，好评,30,1.52593E+12
169181633,可惜没如果Ni,还好吧，习惯了好评，�����,20,1.52593E+12
169181633,美丽coco人生,冲着答案去，味道真心一般。。。,20,1.52803E+12
169181633,liubin574,环境不错，味道一般，没有别的了,30,1.52785E+12
169181633,肸子.,是我不够漂亮就没有答案吗？�,30,1.52496E+12
169181633,匿名用户,主要是好玩，味道其实一般般，主要是玩,30,1.5275E+12
169181633,我爱小鸡腿,我感觉不好喝。。。服务还可以，就是做的实在太慢了！,20,1.52665E+12
169181633,南瓜子NG123,团购标的原价和拿到的价不一样，不知道是不是标大杯给中杯,30,1.52656E+12
169181633,梦之殇646,速度真的太慢太慢了。等了好久才做好。,20,1.5263E+12
169181633,zzd833274261,只能说味道很一般，没什么惊喜，下次不考虑了,20,1.52578E+12
169181633,Jin金483,答案茶味道一般吧，我没喝出有什么不同,20,1.52551E+12
169181633,zzd833274261,只能说味道很一般，没什么惊喜，一般般吧,20,1.52578E+12
169181633,匿名用户,答案并不好，太打击我的心情了！,20,1.52549E+12
169181633,大爱KYX,不是很好喝，口感一般，没啥感觉,20,1.52549E+12
169181633,匿名用户,翠玉茉莉奶盖好苦不好喝  不知道怎么火起来的,10,1.525E+12
169181633,XCQGAGA,一阵风而已    饮品一般般，个人不太喜欢。,20,1.52489E+12
169181633,匿名用户,答案神准，有点牛逼，好好生活，把握现在,20,1.52499E+12
169181633,Y泡沫味的小不点,不错不错 【口味】 【环境】 【服务】,30,1.52497E+12
169071762,wuli律二二,抖音网红？偶尔刷刷抖音的我好像没看到过…夏天来了，茶饮店又遍地开花。这家店在城隍庙的开明街沿线，比较热闹的位置。收银小哥很热情，一直保持微笑服务。亮点就是买完单后可以在小卡片上写个问题，然后他给你把答案写到奶盖上面，有点小意思。不过答案不够满意啊，太鸡汤了，一点都不干。希望以后写答案的人能再多多发散思维呢！奶盖茶的味道一般般，市场平均水平吧。原价有点小贵，美团价还可以。,30,1.52472E+12
169071762,匿名用户,还行。味道不错，包装可以。各方面都不错。,30,1.53476E+12
169071762,匿名用户,还不错吧，挺喜欢的，用了美团优惠券，还挺优惠的,30,1.53476E+12
169071762,匿名用户,感觉一夜之间，满城都是抖音网红答案茶，上周在鼓楼买过一次茉莉柠檬奶盖味道不错，这次换了一下，点的是百香果奶盖，也是店长推荐的一款，点完单，还可以问问题哦，就是在杯套上面写想问问的问题，然后会有店员在上面写上答案，然后和做好的饮料一起给你哦！但是我都没问过，其实我想问什么时候可以暴富，哈哈哈哈哈哈,30,1.52554E+12
169071762,痴痴的货儿,味道还不错，值得再去尝试，下次再买试试,30,1.5312E+12
169071762,两罐墨水,味道还不错 就在城隍庙的边上 可以尝试看看,30,1.52618E+12
169071762,匿名用户,怎么说呢 创意挺好的，但是其实口味来说挺一般的，噱头做的还是挺好的，美团团下很划算才9.8但是如果22一杯我觉得不怎么样吧,30,1.52481E+12
169071762,zPK103223501,难喝死了 还喝到头发了.....,10,1.52947E+12
169071762,PBQ610517053,味道是还可以的，就是服务态度不好，去店里不打招呼就算了，开始点奶茶的时候，收银员还在玩手机，既然这个奶茶这么有特色，服务应该跟一点点学学，毕竟答案茶也是个加盟店,30,1.52638E+12
169071762,qRI724680469,我的新打算就是以后不会来你家买，还是一点点喝起来舒服，给人的感觉也舒服，问个附件有什么好吃的都没答案....,10,1.52491E+12
169071762,匿名用户,好喝有趣服务热情 【服务】 【口味】 【环境】,30,1.52778E+12
169071762,睡不醒d熊,感觉味道一般，就是图网红去喝喝看,30,1.52758E+12
169071762,匿名用户,真的不太好喝  答案也很随便    不太推荐,20,1.52791E+12
169071762,阿狸1654,创意不错，答案确实很简单，味道也还行。,30,1.52497E+12
169071762,cKY807667497,味道一般般吧，就是答案太敷衍了，不满意……,30,1.52498E+12
169071762,艾DXJ,答案有点失望，味道也很一般，服务倒是还算可以,20,1.52714E+12
169071762,匿名用户,答案茶，呵呵，弃之可惜，喝之***。,10,1.52733E+12
169071762,ZJ040600,味道还不错，除了问答案，还能求签了,30,1.52708E+12
169071762,匿名用户,不好吃，拔个草！价格也比较贵。不建议,10,1.52519E+12
169071762,匿名用户,答案真的喝一次就够了不是很好喝哈哈哈,20,1.5267E+12
169071762,匿名用户,巨难喝��巨难喝……口味真的是一般般,10,1.52509E+12
169071762,匿名用户,一分不能最多，巨难喝。被抖音骗了,10,1.52488E+12
169071762,匿名用户,没有服务员出品 容易搞错 西柚的那个味道很奇怪 茶挺好喝的,20,1.52557E+12
169071762,橙汁795,一班班，不是特别好喝，人也多。,20,1.52619E+12
169071762,匿名用户,很好喝，问了问题答案有点答非所问，小哥哥态度也很好的！去的时候人挺多的！,30,1.52494E+12
178133626,佳妹妹ye,奶茶的样子跟图片不符呀 是没有加黑糖吗？？？？,10,1.55366E+12
178133626,杰萱垚520,味道一点不太好，确实是喝一杯就知道答案,10,1.5528E+12
178133626,琦琦陛下,个人觉得还可以吧，店里装修挺好看的。,30,1.54487E+12
178133626,匿名用户,打包杯子 太辣鸡全部拿出来全部倒身上了 珍珠太硬 太甜,10,1.54134E+12
178133626,匿名用户,味道还好，珍珠确实太硬了，冰块放太多了。 奶味没有了,30,1.53485E+12
178133626,匿名用户,就是一般吧，没啥特色。余姚奶茶店真的太多太多了,30,1.53654E+12
178133626,bo584126990,点的黑糖牛乳茶，想要常温，小哥哥很耐心，很诚实，小姐姐态度差，有欺骗客户之嫌。珍珠非常硬！,20,1.53466E+12
178133626,鱼没放11,珍珠太硬了 咬不下.........,10,1.53517E+12
177635806,大吃货0000000001,烧仙草怎么不是我喝过的那种，不喜欢喝,10,1.53865E+12
177635806,ysM753332288,百香果少了点，味道还是赞的，量也足,30,1.53676E+12
177635806,匿名用户,黑糖牛乳茶的珍珠真的很硬啊，其他无功无过,30,1.53223E+12
169529620,凌大宝啊,波霸味道不好，波霸奶茶跟一点点没法比的啊，本来要去喝一点点的波霸奶绿的，人太多了，就去喝这个了真的要哭了,10,1.55523E+12
169529620,费费费费费小仙贝,用了美团我都觉得差，没有美感口感，添加剂都加的这么不走心,10,1.54036E+12
169529620,糯米机,茶的口感细腻，后味比较喜欢，芝士奶盖也不错�本来想问个问题的，但是小朋友好奇听说照片也可以打印上去，于是就让热心客气的老板娘弄了一个托马斯的图案弄好，小家伙看到了高兴的不要不要的，老板娘每调制一杯茶出品前都会让你试喝下口感的，再做调整。,30,1.53251E+12
169529620,糯米机,一杯富士下山，名字非常好听，口感是偏向小清新口味，清口型的,30,1.53231E+12
169529620,Rko550418325,味道淡了点。。。可能是个人原因,30,1.53197E+12
169529620,兵荒马乱3404,很一般，服务员还没有做好上岗服务客人的准备，味道也一般，环境也一般，下次不会再去。,20,1.53104E+12
169529620,匿名用户,没有想象中的好，有一个被抖音带红的奶茶，结果去了也就那样。,20,1.52937E+12
170646544,ObD265949504,30秒奶茶做完了，感觉很随意，味道也一般般,20,1.55394E+12
170646544,绿袖子19,只能给个中等评价，口味一般，包装太好钱花的地方不对，分量很大杯还可以,30,1.54538E+12
170646544,hhhh_as,不好喝啊。什么抹茶啊。我去…不会再喝这个了。店家自己也喝喝看。努力做好吧,20,1.54393E+12
170646544,匿名用户,难喝，还贵的要死，，还没有一点点好喝，还比一点点贵,10,1.5409E+12
170646544,匿名用户,店面在绿姿旁边，很方便，价格还行，味道也还行,30,1.53935E+12
170646544,qfV707083660,问题都不给问？？？有点失望 希望下次去的时候能和想象中一样,10,1.53243E+12
170646544,小南烯,最不喜欢这样，一定要写评价.因为写起来好麻烦,30,1.53205E+12
170646544,范范周1023,味道还行，就那样，感觉和茶桔便牛魔王差不多,30,1.53181E+12
170646544,匿名用户,就是普通的味道，，，，，，，。,30,1.53084E+12
170646544,匿名用户,东西很一般，味道不好，谁喝谁知道,20,1.53016E+12
170646544,匿名用户,东西很一般，味道不好，谁喝谁知道,20,1.53016E+12
170646544,只因为，你1314,服务态度一般，等的时间太长，太慢了,20,1.53011E+12
177831800,OscarLeo,有优惠两杯好像10块多点，味道很淡，不是想喝的奶茶。,20,1.55246E+12
177272644,匿名用户,味道还行，不能选糖多糖少。说实话，进店很不舒服，服务员脸色很丧。我用了美团的缘故吗？但如果不是美团我肯定不知道你这家店，直接去皇茶了，呵呵呵。另外再吐槽下，奶茶是打包的，一直好好地拎在手上，结果沿杯盖撒了不少出来，好吧，用纸巾把杯外擦干，结果，喝的时候还是时不时有奶茶从杯盖沿跑出来，真的特别火大,20,1.53397E+12
177272644,fka709311795,太甜，不喜欢，没有下次.......,20,1.53845E+12
177272644,晶维度小站,老公觉得味道不错！满意！！！！,30,1.5365E+12
177272644,QingC..,味道很不错，答案很暖人，奶盖味道很好,30,1.53547E+12
177272644,鱼鱼泪痕,很明显的粉泡感，甜度不能调整，太甜了，原价买的话，太贵了，非常不值,20,1.53476E+12
177272644,漂亮丹丹54,不好喝，而且没有预言不好看依飞更多活动�代表大会代表不到,20,1.53519E+12
177272644,美索不达米娅719,太甜了！感觉味道还行吧！就这个最便宜！,30,1.53493E+12
177272644,鱼鱼泪痕,有点噱头了，奶盖味道不行，价位又高,20,1.53476E+12
177272644,Aul429350512,牛魔王奶茶，奶味浓的，就是太甜了，如果能选择加糖就好了,30,1.53328E+12
177272644,南伊的曦,还可以吧，就是过去的时候人可能中暑了，头晕眼花的难受���,30,1.53189E+12
177272644,janehu,服务员的服务意识有待提高:他在打包时盖子没盖实，饮料溢出来了，最后也没擦干净,30,1.53084E+12
177272644,嫩豆腐325,味道也就一般，主要是看他是网红茶,20,1.53165E+12
177272644,janehu,还不错吧，和同事一起去尝鲜的，不过里面不是珍珠，而是烧仙草,30,1.53072E+12
177272644,酵母菌1981,还可以。。。。。。。。。。。。,20,1.55602E+12
170651526,匿名用户,还可以吧，感觉还是不错的，还会再来的,30,1.5509E+12
170651526,栀夏暖阳_smile,想喝杯西士多，正好路过这家店，于是就买了。好像是这边新开的一家网红奶茶店，一杯可以占卜的茶。做奶茶速度略慢，服务态度还行，只是遗漏了比较重要的一点，没问去冰还是加冰，拿到手发现很冷，默认给了加冰的，不是特别喜欢。奶盖略甜，有点腻。因为太懒，没写问题，自然不需要答案，服务员就在奶盖上印了小猪佩奇，蛮可爱的。店内原价18，美团便宜些。,30,1.52679E+12
170559504,kiki3445,用券很划算，奶盖和果茶味道很好！,30,1.53304E+12
178118618,匿名用户,奶茶三兄弟不好喝，奶茶不是现做的好像。这是正宗的答案吗。,30,1.53595E+12
169358871,turf.virus,便宜没好货，团购的难吃到爆，还不如白开水，就是甜酱加点冷水,10,1.54685E+12
169358871,YY猫咪2011,就是笨着好奇的答案去的，结果答案就是很系统的或者说问跟不问一样的。要提问的就必须点有奶盖的饮品，但是奶盖并不好吃，建议换上动物奶油做奶盖，植物奶油真的下不了口，还不容易化，饮品喝完了，奶油和答案还在底下铺着。,20,1.53422E+12
169358871,四喜爱吃酱,【环境】很小的一家店面在万达二楼阿拉宁波里面 可以坐的位置只有两个 本来想下午买个饮料坐坐的只能买完走了 【口味】点了草莓柠檬奶盖标准甜也不是很甜耶 【服务】就很奇怪代金券为什么不是按照总价和来的呢 从来没听说过一杯奶茶用一张代金券的说法 描述里面也没有写 我这边两杯30元不给用一张代金券然后补差10元就很气 明明别的店都可以 到了你们家就只能一杯饮料用一张代金券了 不如对面明州里那家划算 以后多走几步都不来这家店消费了,10,1.52671E+12
169358871,14bncs,评价说难喝，我还不相信，果然难喝,10,1.53562E+12
169358871,匿名用户,网红奶茶，少女心。但是对于我个人而已口味一般,20,1.5353E+12
169358871,l15168165530,味道也不没有第一次好，不推荐去！,10,1.53431E+12
169358871,l15168165530,服务差劲，去了很多次服务都不怎么样！,20,1.53431E+12
169358871,筱筱晴儿,挺好的，不过还是一点点更好喝，感觉现在店也冷清很多,30,1.53364E+12
169358871,_qq5731422807578,和我想象中的答案不太一样 打卡一下,20,1.53133E+12
169358871,msf321110887,奶茶口味实在一般，答案可能不适合我们,20,1.53269E+12
169358871,Ezy924611217,还行吧，没想象中的好喝，不过服务很好,20,1.53232E+12
169358871,张三女r,一般，味道不好。涂个新鲜感。而已,20,1.53154E+12
169358871,星梦1213,服务员态度很不好，不情不愿，满脸不乐意，不知道为啥！？,10,1.53002E+12
169358871,星梦1213,服务员态度差的可以，好像心情非常不好,10,1.53002E+12
169358871,美美哒七七,20的代金券，他居然说一杯一张，用掉了，每人限购一张，我买了2杯原价32，减20应该再付12，应该是12+12.8=24.8，结果是12.8+16，实际付了28.8,20,1.52938E+12
169358871,匿名用户,茶很苦 不好喝 还不如都可好喝。。。。。。。。。。。。,10,1.52973E+12
169358871,YUN827AN,美团价格还不错，味道也还可以，就是答案还不够多  哈哈,30,1.52794E+12
169358871,liubin574,味道一般，服务热情，不知道是哪里的加盟店，抖音,30,1.52785E+12
169358871,匿名用户,很一般啊。噱头很足 但是答案就...,20,1.52689E+12
169358871,匿名用户,机器坏了，没有答案，女友专门为答案而去结果不开心,10,1.52639E+12
169358871,咚咚咚咚感冒,感觉一般，然后百香果硬硬的，和嚼石子一样的。,20,1.52604E+12
169358871,jenny_8265,口味一般，奶盖不醇厚，也比较少,30,1.52561E+12
169358871,匿名用户,百香果蛮好的，味道不错，还是水果茶好喝一些,30,1.52549E+12
169358871,LLLT先,奶盖有点像奶油一样，太稠了，一阵风而已,20,1.52515E+12
169024190,元小希,奶盖茶好难喝清水一般 以后不会回购了 #玫瑰乌龙茶奶霜降#,10,1.53926E+12
169024190,末日包子,味道还行吧，就还ok啦，一般般,30,1.54012E+12
169024190,匿名用户,。。。。。。。。。答案太忽悠人了~,30,1.54022E+12
169024190,lanxiling,颜色很好看……好像今天天空的颜色，碧蓝碧蓝的，颜值很高,30,1.53811E+12
169024190,Linmonical,出于好奇买的，味道一般般吧，不贵也还行的,30,1.53613E+12
169024190,基三梦谁先觉,口味其实一般，重在新意，问问题写答案，还是蛮有意思的啦,30,1.53163E+12
169024190,清清1213兮,可以。味道不错，服务ok来旅游买的,30,1.53071E+12
169024190,cui燕子294,也就那样吧，凑个热闹买的一点都不好吃,20,1.52972E+12
169024190,沁阿宝,口感不是很喜欢 也没什么问题想问,20,1.52855E+12
169024190,感觉自乙萌萌哒,感觉自己买了一个假的答案，没有写问题奶茶出来上面也没有回复。要了一个满杯蜂蜜柚子茶里面就是有几片柚子上面也没有一层白白的(奶盖?)，喝起来有点甜其他没感觉,10,1.52654E+12
169024190,Qeo617489822,超级难喝，女朋友看到后，说我买的是假答案，我郁闷了，还有真假区分吗？,10,1.52723E+12
169024190,盛夏星,城隍庙一排都是各种茶店，点了玫瑰乌龙奶盖，无功无过！,30,1.52682E+12
171224349,匿名用户,差不多啦，蛮不错了，加油( ^ω^),30,1.53335E+12
171224349,小媛01,饮品还可以 小吃也不错 就是买美团比较划算,30,1.53114E+12
170647647,我不是杭杭,口味倒是还行，就觉得有点像粉冲的,20,1.5548E+12
170647647,可乐冰yili,味道一般，很大一杯， 制作材料新鲜,30,1.54593E+12
170647647,bum719050355,还不错哦，店家态度也很好哦，也比较优惠,30,1.53909E+12
170647647,ayan9870,孩子很喜欢吃，团购优惠些。好会再来买的,30,1.53884E+12
170647647,匿名用户,味道一般感觉现在奶茶都很大众，答案好像是随机打出来的,20,1.53785E+12
170647647,屎坨坨ken,不好吃 燕麦好像没煮熟的样子 口味也淡，跟没下糖一样，不爱吃甜的都觉得淡,30,1.53164E+12
170647647,ayan9870,挺好的，团购比较实惠。孩子很喜欢,30,1.5293E+12
170647647,落寞难医,个人觉得非常难喝，那个答案也特别迷,20,1.5308E+12
177467188,匿名用户,珍珠超硬，最难喝的波霸没有之一，不开心,20,1.55368E+12
177467188,roF496060760,凑合一般般 珍珠不好吃好不错不好吃,30,1.54814E+12
177467188,KLl914823225,说说茉香红柚难喝难喝，黑糖奶茶，珍珠居然硬的。。,10,1.53702E+12
177467188,匿名用户,假答案茶  汕头我喝过最难喝的满杯西柚！！,10,1.53537E+12
177467188,CHENMF哈,还可以，但是没啥特色。主要距离近,30,1.53432E+12
177467188,可乐4951,感觉一般，珍珠没有惊喜，奶茶也一般,20,1.53288E+12
177574307,Tre283109084,这个不是答案，是答案茶，口感一般般,20,1.55409E+12
177574307,RFG988614645,这家店环境不错，东西也好吃，以后还会长来,30,1.55161E+12
177574307,我家的如宝最可爱,口味一般，水果茶的水果很少，服务态度还算可以,20,1.55217E+12
177574307,匿名用户,团购便宜，团购便宜，味道一般，味道一般,20,1.54761E+12
177574307,VyN423857667,很便宜，美团买的，两杯才10元,30,1.54591E+12
177574307,匿名用户,明人不说暗话，真的很难喝，朋友也觉得很难喝,20,1.54408E+12
177574307,满是伤痛的眼睦,我看见服务员用手拿冰。。。。呵呵呵呵呵呵呵呵,20,1.53709E+12
177574307,FlB352930909,夏天拿来杯常温，冰不加？，茶很涩,10,1.53589E+12
177574307,Iod119680105,吃过最难喝的水果茶，没有之一，苦涩的绿茶加上几片干瘪的水果片，入口只有绿茶苦涩味，不会再买这家了！这家店微信上推的这么火，没想到这么难喝！,10,1.53233E+12
179650801,好名字304,猫咪好像怀孕了。 不过还是一样可爱，�希望铲屎官要牢记每天铲屎�哈哈哈，看到猫砂盆里好多粑粑，不敢荡秋千了。�,30,1.55496E+12
179650801,Hongbbao,我要怎么说，反正我觉得，不是很喜欢，黑糖珍珠就是普通珍珠，完全不是黑糖珍珠的味道，然后常温做了是热的，然后一般珍珠做热的就真的好腻口感就一般了，奶盖也是因为热的喝不到奶盖，不知道怎么讲，但是小哥哥的服务态度很好的。,20,1.55325E+12
179650801,匿名用户,服务差，味道一般一般，没什么特别,20,1.54635E+12
179650801,匿名用户,不知道什么时候开的。很一般。真的很一般。,30,1.54002E+12
179650801,匿名用户,不是很好喝，没有所谓的网红茶的感觉,20,1.53853E+12
177527037,匿名用户,一瓶没之前大了，包装也没之前好,30,1.54988E+12
177527037,uvE598007620,口感一般，不过环境还好，干净，下次再试试别的饮品。,20,1.54472E+12
177527037,晓帆是帅比,位置不难找 按导航一下子就能找到啦 就在卜峰莲花那边的步行街里面 店铺就在街旁 一下子就能看到 店铺装修蛮不错的 简约的风格  点了斋红玉茗茶和斋高山绿茶 感觉还行 量很足 可是味就有点淡 含糖量应该蛮少的 适合喜欢清茶类的人 还算可以吧,30,1.53442E+12
177527037,jiayingji,玉茗就是红茶，茶包泡的，没别的了，绿茶也是茶包泡的，珍珠奶茶是中杯的，总之觉得很一般。看到有拼团新鲜才试一下，没想到真的不咋地,20,1.54009E+12
177527037,CvY468569638,茶不太好喝，奶茶味道很淡。速度也一般。,20,1.53862E+12
177527037,GfB854387743,﹉… 【等位】 【服务】 【环境】 【口味】 【口味】 【环境】 【环境】 【服务】 【服务】,30,1.53643E+12
177527037,GfB854387743,一般般 【口味】 【环境】 【服务】 【等位】 【等位】 【服务】 【环境】 【环境】 【口味】,20,1.53321E+12
168988097,Paradise_020,我本来很新奇的，就以为有问题可以写，但是呢emmm到那里点了之后，服务员并没有让我写问题。然后送上来之后，是很普通的奶盖。而且芒果的那个不是很好喝，有一点点淡。有一点点失望。,20,1.53318E+12
168988097,Mingkuu,印得挺清晰的 奶茶一般般 唯一美中不足的是椰果不是很好吃,30,1.53361E+12
168988097,凉凉夜色为你,【环境】虽然店很小，但是还有二楼，装修的很不错啊。 【服务】一般吧，也不是很热情，感觉小哥哥刚睡醒吧。 【口味】看起来好看，但是喝起来很一般啊。为了个答案去的而已。不值这个价格。贵。答案也不满意。哼。,20,1.53026E+12
168988097,匿名用户,在美团看到这家店，觉得很新奇，不由得想到那部动漫的解忧杂货店，这家店环境很幽美，饮料还不错，只是说了去冰，还是加了冰，但是总体给人感觉很好,30,1.52654E+12
168988097,Manstal,环境还算安静，下午茶还是不错的选择,30,1.52442E+12
168988097,urS848336993,服务态度很好呦，环境也不错哈哈哈哈哈哈,30,1.52435E+12
168988097,UXj493149848,想问寒天芒果霜降里的芒果是假的芒果吧<(￣3￣)>哼！苦苦的,20,1.52398E+12
168988097,匿名用户,不是我喜欢的味道。。。。。。。。,20,1.52484E+12
169465181,deepintong,还可以吧，个人不太爱喝牛奶，点了那个给汤镇业牛乳喝不太惯。,30,1.5505E+12
169465181,ugw817064990,【口味】还行 【环境】可以 【服务】不错,30,1.54366E+12
169465181,_qq2kv1388753360,真的不是一般的难喝，答案不过是个噱头,20,1.54044E+12
169465181,ETe315980179,一般而已，第一次尝试，不知道其他的口感怎样,20,1.54E+12
169465181,yooqi17,饮品还可以，环境不错，适合闺蜜约会拍照聊天,30,1.53803E+12
169465181,匿名用户,店刚开的时候去吃，觉得还挺好吃的，环境也好，后来去吃就觉得味道差了很多，口感也不好，以后不来了,20,1.53742E+12
169465181,匿名用户,还可以，跟朋友一起新出的时候去凑个热闹,30,1.53746E+12
169465181,oeB898013979,还行，就是太小杯。。。。。。。。,20,1.53708E+12
169465181,阳ing_,出品还不错阿‎|•'-'•)و✧ 楼上环境很漂亮ins风很适合小仙女打卡(//∇//) 黑糖牛乳很好喝阿我点的是热的奶味很足特别舒服值得试试( ˃̶̤́ ꒳ ˂̶̤̀ ) 服务员姐姐特别友好很棒(๑• . •๑) 反正一切都还是不错的值得安利.,30,1.5293E+12
169465181,匿名用户,毫无体验，算一次性顾客吧，众口难调,20,1.53276E+12
169465181,涂涂精sunny,感觉还不错把服务也nice！挺喜欢的吧,30,1.53618E+12
169465181,许大大昂,一般吧，也不是特别好喝，要答案得点特定的饮品,30,1.53588E+12
169465181,Lnu224840215,还好吧，冲去那个特色去的～～～,30,1.53606E+12
169465181,JDt829752976,环境各方面挺好的，但是茶真的特别奶盖完全不好喝，如果想要提高的话，不仅仅只是做特色，茶的质量也要跟上来,30,1.5344E+12
169465181,匿名用户,珍珠嚼劲不错，就珍珠好吃，其他还行,20,1.53276E+12
169465181,匿名用户,。。。。。不好。。。。。。不喜欢里面的服务员,10,1.53401E+12
169465181,匿名用户,我刚从你们店里出来，人生中第一次喝到这么茶的水吧，好评都是刷出来的吧，水都是加了色素的，不明白为什么这么多人，点了西柚真的太难喝了，喝没几口我就扔掉了，这家店是假的吧，我和朋友去，他们都说难喝，唉，没有下次了，失望，大家千万不要去喝，喝了会后悔的，红石榴都是色素的，不就是下了火龙果，说什么石榴,10,1.52743E+12
169465181,匿名用户,还可以吧，饮料一般般没什么亮点，只是冲着问问题去的，答案也不是很满意,30,1.53224E+12
169465181,_qqc8x1411137600,好喝好喝～就是店员说占卜坏了没办法占卜 还等了那么久……,30,1.53241E+12
169465181,wnq198306620,口感不错，答案，理想中的答案，,30,1.53268E+12
169465181,心语初晴丶784,柚子茶味道淡了点。。总体不错。外表精美,20,1.5308E+12
169465181,匿名用户,味道太淡了。。。。。。。。。。,20,1.5324E+12
169465181,古老的传说527,奶茶味道有点淡，黑糖牛乳不错，总体打个60分吧第一次喝这家奶茶,30,1.52878E+12
169465181,Vqg265851243,差不多            挺好  环境不错环境不错不错不错哦！,30,1.53172E+12
169465181,NGv848745625,不好吃，茶没有茶味，奶盖也比较一般,20,1.53139E+12
169465181,NGv848745625,味道很一般，茶没有茶味，奶盖也一般,20,1.53139E+12
169465181,匿名用户,买了两杯 环境不错 奶茶就很一般了  反正打发时间啦 适合小年轻去,30,1.53052E+12
169465181,匿名用户,#黑糖牛乳茶# 稀释的牛奶+珍珠丸子,20,1.53104E+12
169465181,匿名用户,【环境】还行，就是水不合胃口，不是想象中那样π_π,20,1.53103E+12
169465181,匿名用户,点了黑糖鲜奶，感觉一般般，牛奶的味道不是那么醇香，黑糖珍珠也比较一般比较硬，不太甜，所以一般般吧有点小失望,20,1.52939E+12
169465181,匿名用户,第一口可能不太适应觉得不好喝，后面第三口第四口根本停不下来�,30,1.52925E+12
169465181,郑梅贤,味道一般般，没什么人气，团购态度都不一样。。。。。,20,1.53046E+12
169465181,Easonossify,挺好喝的 但是觉得不值这个价钱 环境不错 小女生拍照圣地,30,1.52981E+12
169465181,阳ing_,好喝啊感觉热的牛乳比较好喝啊。,30,1.52983E+12
169465181,Easonossify,一般 奶茶没有味道  黑糖珍珠挺好吃,20,1.52981E+12
169465181,A.SunHan,图片跟实物不同啊    Nnnnnnn,20,1.53E+12
169465181,陈陈漩,环境可以，服务可以，就是饮品一般，然后答案有点小惊喜。,30,1.52744E+12
169465181,匿名用户,黑糖珍珠兑牛奶，口味没什么特别的。,20,1.52946E+12
169465181,knockabout。,环境不错，点了四季春奶盖，奶盖不咸，喜欢茶。清清。,30,1.52698E+12
169465181,匿名用户,珍珠有点没煮透的样子不够软，奶茶奶香味很足！,30,1.52838E+12
169465181,Hongbbao,还可以的，比贡茶好点，而且还可以问问题,30,1.52827E+12
169465181,宝宝2237385065,口感凉凉的味道酸酸的感觉像喝白水加柚子滋一样没有新鲜感,30,1.52731E+12
169465181,蒂花之秀云,就是没有那个占卜，而且味道也就一般,30,1.52792E+12
169465181,匿名用户,口味一般般吧。有进步空间，因为原本的感觉，里面参杂了，口味变混了，没有单纯的口味,20,1.52709E+12
169465181,HH547吃不胖,【口味】点了杯红柚不太好喝 【环境】适合拍照 【服务】服务员很热情人好多,20,1.52672E+12
169465181,阿琳娜css207426,不好喝，没什么味道，柚子料又少！,10,1.52723E+12
169465181,ZWk874407876,不好喝，失望了，没什么味道。。。期待过高了吗,10,1.5268E+12
169465181,匿名用户,还好吧，没位置了有点输，态度不是很好，还会凶人,20,1.5268E+12
169465181,唯唯983,还可以啦 但是为什么评论一定要15字啊,20,1.53987E+12
175474606,rhy19911124,【口味】不喜欢奶盖的味道 【环境】不错 【服务】不错,20,1.54686E+12
175474606,bMt651061150,一般般吧，没啥特别的，去试试而已。。。,30,1.53716E+12
175474606,Messy941,讲真的不咋样吧 模仿占卜茶的 就是普通的杯子 普通的茶 感觉口味一般吧,20,1.53253E+12
175474606,Zdj48260432,百香果很少，口感一般，答案也是答非所问吧,20,1.53231E+12
180088165,许传为,拿铁跳舞，没有给我答案呐，没有套路我,20,1.55456E+12
180088165,y偌只如初见,给一星评价是因为店家服务真的很不到位，作为一家答案为特色的奶茶店，我们第一次冲着店的名字来的，结果点完以后只字不提答案的事情，等拿到奶茶发现没有答案的时候我们询问，才说我们没有说。呐尼？这个答案奶茶是你们家的特色，难道你们不应该跟进门的顾客介绍清楚么？更何况我们就是点的奶盖带答案的那种。奶盖和奶茶没毛病，很好喝，但是服务员服务真是醉了,10,1.53856E+12
180088165,ndZ495857771,环境不错，价格也优惠。口味有点偏甜。挺好的满意。,30,1.53727E+12
175330464,匿名用户,买的奶盖，味道特别难喝！而且还很贵！虽然我是美团团购的，但还是觉得特别的不值，味道也太难喝了吧，良心建议不要买，这个真的不值！绝对不会回购！,10,1.55265E+12
175330464,MKi467351731,太难喝了，合肥最难喝的奶茶，大家千万不要买！！,10,1.55265E+12
175330464,_qq26v1351947126,跟苏州的差十万八千里里 真的不是一般的差距 让我一度怀疑是假的,20,1.54643E+12
175330464,小可爱吖1,一般般吧  不咋好喝呢   emmm... #珍珠奶茶# #表白玫瑰奶盖#,20,1.54591E+12
175330464,Cvn685613904,味道不错，性价比高，粑粑粑咔咔咔,30,1.54186E+12
175330464,_weixin319087631,态度一般！味道不错！地方好找.,20,1.53889E+12
175330464,匿名用户,网红茶，稍微甜多了，尝过以后不会再想第二次系列。,20,1.53772E+12
175330464,匿名用户,味道一般般，还卖那么贵。。。。。。。。。。,20,1.53252E+12
175330464,匿名用户,店面装修差不多，但是味道和别家的答案不太一样，已经点的是半糖还是有点腻，奶盖薄,20,1.52989E+12
175330464,雪9962,性价比不高。有一面墙，可以写心愿，还不错，,30,1.53036E+12
175330464,YGh842053951,真***难喝,10,1.52854E+12
175330464,xNn176743906,非常难喝,10,1.52828E+12
175330464,FZG166723642,不好喝 奶茶味道很淡 不值,20,1.52793E+12
175330464,pTN434513382,？  ？             。。。。。。。。。。。。。,30,1.54876E+12
170654821,CarolineLuo2015,【口味】还行 有创意的茶 可以可以,10,1.54631E+12
170654821,麦田的守望者726,奶茶还好，就是有点小贵，总得还好,30,1.53772E+12
170654821,匿名用户,空有噱头罢了，味道是真的让人失望，不是简单的不好喝，是难喝。,10,1.53655E+12
170654821,黑桃凰后,淡如水。难喝。喝了一口。亏我大老远跑过来,10,1.5313E+12
170654821,V一颗松子,真心不好喝，味道太淡,10,1.52993E+12
170654821,mCG900232836,奶茶很好喝，工作人员服务态度好,10,1.52889E+12
179507155,匿名用户,这两年内喝到的口感、味道 最差的奶茶了,10,1.55221E+12
179507155,匿名用户,味道非常非常一般 失望啊 图标是我喜欢的样式呢……,20,1.54267E+12
179507155,匿名用户,点的是波霸，这个价位的奶茶，这个口味，性价比确实不高～,20,1.54065E+12
179507155,六月月……,不好 【口味】 【环境】 【服务】 【等位】,10,1.54013E+12
178896225,匿名用户,很少给差评 但是店员态度实在太差了说什么团购等一会 问题是当时根本就没人 店员自己在打电话有说有笑还让等一会 而且做出来珍珠都是夹生的。。,10,1.53283E+12
179576329,味觉在哪,量多，很实惠，口味还可以吧，价格没有甘茶度的贵，甘茶度的虽贵，但是新鲜好喝，现做现卖，,30,1.53711E+12
177561649,匿名用户,不好喝，在那边买的，就是茶的味道没有什么特色，没喝完,20,1.54519E+12
177561649,jcl375790943,口味还行，只是芝士放的很少，喝着口感比其他家的口味差了些，没喝前我就拍了照片的。 还有就是本来是想喝芝士臻桂花乌龙的，结果说卖完了，只有芝士臻黄金乌龙了，三选一奶茶就变成单品了，才两点就卖完了，要不就是喝这两款口味的人多？要不就是备货不足。,30,1.53533E+12
177561649,匿名用户,没什么味道，不知道是不是因为团购的便宜,20,1.53925E+12
177561649,匿名用户,真不是我说，感觉在喝自来水— —。 不太喜欢。 可能个人比较重口味吧,20,1.53831E+12
177561649,高高9369,这个乌龙茶，茶味重！喜欢！好喝,30,1.53538E+12
177561649,啸雨W,店名是答案，我喝的答案就是～没味道，不好喝啊,10,1.53556E+12
177561649,呼延觉罗思宸,味道一般吧 感觉都是色素 不能长喝,30,1.53563E+12
177561649,匿名用户,没有想象中的好喝，可能个人不喜欢吧，小姐姐服务很好,20,1.53527E+12
177561649,HWV622809365,妈耶，不给我答案,10,1.52975E+12
177972184,携手闯天涯123,还不错，老板挺热情的，东西也挺好喝的。不过特价的销量一人一杯，看到有团购十几一杯的，那就有点贵了。6.7块钱还属于正常吧！还是能接受的范围的，可能是涨价了吧？看到十几块钱一杯？天龙广场还是人气不行，哎。,30,1.53423E+12
177972184,携手闯天涯123,挺不错的，去过几次了，蛮好的。芒果气泡饮料好喝啊！非常不错啊！不是很甜，芒果味浓浓的，而且老板人非常的好，很不错耶。经常是一去就能连喝两杯，挺过瘾的哈！也挺好找的，第一次找不到打老板电话，还出来接我的，很好�,30,1.53322E+12
177972184,yas304731046,店内饮品价格都不贵  味道也挺好的,30,1.53364E+12
177972184,yas304731046,买券以后也便宜，店内饮品价格本来也不贵，味道也挺好的。,30,1.53364E+12
